$MeshFormat
2.2 0 8
$EndMeshFormat
$PhysicalNames
4
1 1 "inlet"
1 2 "outlet"
1 3 "wall"
2 10 "domain"
$EndPhysicalNames
$Nodes
3820
1 0 0 0
2 1 0 0
3 1 1 0
4 0 1 0
5 1 -1 0
6 5 -1 0
7 5 0 0
8 5 1 0
9 0.03448275862062318 0 0
10 0.0689655172412412 0 0
11 0.1034482758618778 0 0
12 0.1379310344824967 0 0
13 0.1724137931030857 0 0
14 0.2068965517236747 0 0
15 0.2413793103442637 0 0
16 0.2758620689648527 0 0
17 0.3103448275854417 0 0
18 0.3448275862060307 0 0
19 0.3793103448266197 0 0
20 0.4137931034472087 0 0
21 0.4482758620677977 0 0
22 0.4827586206883868 0 0
23 0.5172413793090714 0 0
24 0.5517241379298521 0 0
25 0.5862068965506327 0 0
26 0.6206896551714133 0 0
27 0.6551724137921939 0 0
28 0.6896551724129745 0 0
29 0.7241379310337551 0 0
30 0.7586206896545358 0 0
31 0.7931034482753163 0 0
32 0.827586206896097 0 0
33 0.8620689655168776 0 0
34 0.8965517241376582 0 0
35 0.9310344827584388 0 0
36 0.9655172413792195 0 0
37 1 0.03448275862062318 0
38 1 0.0689655172412412 0
39 1 0.1034482758618778 0
40 1 0.1379310344824967 0
41 1 0.1724137931030857 0
42 1 0.2068965517236747 0
43 1 0.2413793103442637 0
44 1 0.2758620689648527 0
45 1 0.3103448275854417 0
46 1 0.3448275862060307 0
47 1 0.3793103448266197 0
48 1 0.4137931034472087 0
49 1 0.4482758620677977 0
50 1 0.4827586206883868 0
51 1 0.5172413793090714 0
52 1 0.5517241379298521 0
53 1 0.5862068965506327 0
54 1 0.6206896551714133 0
55 1 0.6551724137921939 0
56 1 0.6896551724129745 0
57 1 0.7241379310337551 0
58 1 0.7586206896545358 0
59 1 0.7931034482753163 0
60 1 0.827586206896097 0
61 1 0.8620689655168776 0
62 1 0.8965517241376582 0
63 1 0.9310344827584388 0
64 1 0.9655172413792195 0
65 0.9655172413791667 1 0
66 0.9310344827583336 1 0
67 0.8965517241375003 1 0
68 0.8620689655168107 1 0
69 0.8275862068963603 1 0
70 0.79310344827591 1 0
71 0.7586206896554596 1 0
72 0.7241379310350091 1 0
73 0.6896551724145588 1 0
74 0.6551724137941082 1 0
75 0.6206896551736578 1 0
76 0.5862068965532072 1 0
77 0.5517241379327569 1 0
78 0.5172413793123064 1 0
79 0.4827586206916645 1 0
80 0.4482758620708314 1 0
81 0.4137931034499982 1 0
82 0.379310344829165 1 0
83 0.3448275862083318 1 0
84 0.3103448275874986 1 0
85 0.2758620689666655 1 0
86 0.2413793103458324 1 0
87 0.2068965517249991 1 0
88 0.1724137931041659 1 0
89 0.1379310344833328 1 0
90 0.1034482758624996 1 0
91 0.06896551724166633 1 0
92 0.03448275862083328 1 0
93 0 0.9655172413791667 0
94 0 0.9310344827583336 0
95 0 0.8965517241375003 0
96 0 0.8620689655168107 0
97 0 0.8275862068963603 0
98 0 0.79310344827591 0
99 0 0.7586206896554596 0
100 0 0.7241379310350091 0
101 0 0.6896551724145588 0
102 0 0.6551724137941082 0
103 0 0.6206896551736578 0
104 0 0.5862068965532072 0
105 0 0.5517241379327569 0
106 0 0.5172413793123064 0
107 0 0.4827586206916645 0
108 0 0.4482758620708314 0
109 0 0.4137931034499982 0
110 0 0.379310344829165 0
111 0 0.3448275862083318 0
112 0 0.3103448275874986 0
113 0 0.2758620689666655 0
114 0 0.2413793103458324 0
115 0 0.2068965517249991 0
116 0 0.1724137931041659 0
117 0 0.1379310344833328 0
118 0 0.1034482758624996 0
119 0 0.06896551724166633 0
120 0 0.03448275862083328 0
121 1.081632653061338 -1 0
122 1.163265306122676 -1 0
123 1.244897959184014 -1 0
124 1.326530612245352 -1 0
125 1.40816326530669 -1 0
126 1.489795918368028 -1 0
127 1.571428571429366 -1 0
128 1.653061224490703 -1 0
129 1.734693877552042 -1 0
130 1.81632653061338 -1 0
131 1.897959183674717 -1 0
132 1.97959183673604 -1 0
133 2.061224489797054 -1 0
134 2.142857142857938 -1 0
135 2.224489795918823 -1 0
136 2.306122448979708 -1 0
137 2.387755102040592 -1 0
138 2.469387755101477 -1 0
139 2.551020408162362 -1 0
140 2.632653061223246 -1 0
141 2.714285714284131 -1 0
142 2.795918367345016 -1 0
143 2.8775510204059 -1 0
144 2.959183673466785 -1 0
145 3.040816326528122 -1 0
146 3.122448979589913 -1 0
147 3.204081632651704 -1 0
148 3.285714285713495 -1 0
149 3.367346938775285 -1 0
150 3.448979591837076 -1 0
151 3.530612244898867 -1 0
152 3.612244897960657 -1 0
153 3.693877551022448 -1 0
154 3.775510204084239 -1 0
155 3.857142857146029 -1 0
156 3.93877551020782 -1 0
157 4.020408163269354 -1 0
158 4.102040816330269 -1 0
159 4.183673469391154 -1 0
160 4.265306122452039 -1 0
161 4.346938775512923 -1 0
162 4.428571428573807 -1 0
163 4.510204081634692 -1 0
164 4.591836734695577 -1 0
165 4.673469387756462 -1 0
166 4.755102040817347 -1 0
167 4.836734693878231 -1 0
168 4.918367346939116 -1 0
169 5 -0.9655172413791667 0
170 5 -0.9310344827583336 0
171 5 -0.8965517241375003 0
172 5 -0.8620689655168107 0
173 5 -0.8275862068963603 0
174 5 -0.79310344827591 0
175 5 -0.7586206896554596 0
176 5 -0.7241379310350091 0
177 5 -0.6896551724145588 0
178 5 -0.6551724137941082 0
179 5 -0.6206896551736578 0
180 5 -0.5862068965532072 0
181 5 -0.5517241379327569 0
182 5 -0.5172413793123064 0
183 5 -0.4827586206916645 0
184 5 -0.4482758620708314 0
185 5 -0.4137931034499982 0
186 5 -0.379310344829165 0
187 5 -0.3448275862083318 0
188 5 -0.3103448275874986 0
189 5 -0.2758620689666655 0
190 5 -0.2413793103458324 0
191 5 -0.2068965517249991 0
192 5 -0.1724137931041659 0
193 5 -0.1379310344833328 0
194 5 -0.1034482758624996 0
195 5 -0.06896551724166633 0
196 5 -0.03448275862083328 0
197 4.918367346939228 0 0
198 4.836734693878458 0 0
199 4.755102040817686 0 0
200 4.673469387756915 0 0
201 4.591836734696144 0 0
202 4.510204081635373 0 0
203 4.428571428574601 0 0
204 4.346938775513831 0 0
205 4.265306122453059 0 0
206 4.183673469392288 0 0
207 4.102040816331517 0 0
208 4.020408163270746 0 0
209 3.938775510209974 0 0
210 3.857142857149203 0 0
211 3.775510204088432 0 0
212 3.693877551027661 0 0
213 3.61224489796689 0 0
214 3.530612244906118 0 0
215 3.448979591845347 0 0
216 3.367346938784576 0 0
217 3.285714285723805 0 0
218 3.204081632663033 0 0
219 3.122448979602263 0 0
220 3.040816326541491 0 0
221 2.959183673480267 0 0
222 2.877551020418589 0 0
223 2.795918367356912 0 0
224 2.714285714295234 0 0
225 2.632653061233556 0 0
226 2.551020408171878 0 0
227 2.4693877551102 0 0
228 2.387755102048523 0 0
229 2.306122448986845 0 0
230 2.224489795925167 0 0
231 2.142857142863489 0 0
232 2.061224489801811 0 0
233 1.979591836740134 0 0
234 1.897959183678456 0 0
235 1.816326530616778 0 0
236 1.7346938775551 0 0
237 1.653061224493423 0 0
238 1.571428571431745 0 0
239 1.489795918370067 0 0
240 1.408163265308389 0 0
241 1.326530612246712 0 0
242 1.244897959185034 0 0
243 1.163265306123356 0 0
244 1.081632653061678 0 0
245 1 -0.03448275862062318 0
246 1 -0.0689655172412412 0
247 1 -0.1034482758618778 0
248 1 -0.1379310344824967 0
249 1 -0.1724137931030857 0
250 1 -0.2068965517236747 0
251 1 -0.2413793103442637 0
252 1 -0.2758620689648527 0
253 1 -0.3103448275854417 0
254 1 -0.3448275862060307 0
255 1 -0.3793103448266197 0
256 1 -0.4137931034472087 0
257 1 -0.4482758620677977 0
258 1 -0.4827586206883868 0
259 1 -0.5172413793090714 0
260 1 -0.5517241379298521 0
261 1 -0.5862068965506327 0
262 1 -0.6206896551714133 0
263 1 -0.6551724137921939 0
264 1 -0.6896551724129745 0
265 1 -0.7241379310337551 0
266 1 -0.7586206896545358 0
267 1 -0.7931034482753163 0
268 1 -0.827586206896097 0
269 1 -0.8620689655168776 0
270 1 -0.8965517241376582 0
271 1 -0.9310344827584388 0
272 1 -0.9655172413792195 0
273 5 0.03448275862062318 0
274 5 0.0689655172412412 0
275 5 0.1034482758618778 0
276 5 0.1379310344824967 0
277 5 0.1724137931030857 0
278 5 0.2068965517236747 0
279 5 0.2413793103442637 0
280 5 0.2758620689648527 0
281 5 0.3103448275854417 0
282 5 0.3448275862060307 0
283 5 0.3793103448266197 0
284 5 0.4137931034472087 0
285 5 0.4482758620677977 0
286 5 0.4827586206883868 0
287 5 0.5172413793090714 0
288 5 0.5517241379298521 0
289 5 0.5862068965506327 0
290 5 0.6206896551714133 0
291 5 0.6551724137921939 0
292 5 0.6896551724129745 0
293 5 0.7241379310337551 0
294 5 0.7586206896545358 0
295 5 0.7931034482753163 0
296 5 0.827586206896097 0
297 5 0.8620689655168776 0
298 5 0.8965517241376582 0
299 5 0.9310344827584388 0
300 5 0.9655172413792195 0
301 4.918367346939228 1 0
302 4.836734693878458 1 0
303 4.755102040817686 1 0
304 4.673469387756915 1 0
305 4.591836734696144 1 0
306 4.510204081635373 1 0
307 4.428571428574601 1 0
308 4.346938775513831 1 0
309 4.265306122453059 1 0
310 4.183673469392288 1 0
311 4.102040816331517 1 0
312 4.020408163270746 1 0
313 3.938775510209974 1 0
314 3.857142857149203 1 0
315 3.775510204088432 1 0
316 3.693877551027661 1 0
317 3.61224489796689 1 0
318 3.530612244906118 1 0
319 3.448979591845347 1 0
320 3.367346938784576 1 0
321 3.285714285723805 1 0
322 3.204081632663033 1 0
323 3.122448979602263 1 0
324 3.040816326541491 1 0
325 2.959183673480267 1 0
326 2.877551020418589 1 0
327 2.795918367356912 1 0
328 2.714285714295234 1 0
329 2.632653061233556 1 0
330 2.551020408171878 1 0
331 2.4693877551102 1 0
332 2.387755102048523 1 0
333 2.306122448986845 1 0
334 2.224489795925167 1 0
335 2.142857142863489 1 0
336 2.061224489801811 1 0
337 1.979591836740134 1 0
338 1.897959183678456 1 0
339 1.816326530616778 1 0
340 1.7346938775551 1 0
341 1.653061224493423 1 0
342 1.571428571431745 1 0
343 1.489795918370067 1 0
344 1.408163265308389 1 0
345 1.326530612246712 1 0
346 1.244897959185034 1 0
347 1.163265306123356 1 0
348 1.081632653061678 1 0
349 0.03448275862063043 0.03448275862082604 0
350 0.03448275862063767 0.06896551724165167 0
351 0.03448275862064491 0.1034482758624782 0
352 0.03448275862065217 0.137931034483304 0
353 0.0344827586206594 0.1724137931041287 0
354 0.03448275862066665 0.2068965517249534 0
355 0.03448275862067389 0.2413793103457783 0
356 0.03448275862068113 0.275862068966603 0
357 0.03448275862068839 0.3103448275874277 0
358 0.03448275862069564 0.3448275862082524 0
359 0.03448275862070288 0.3793103448290773 0
360 0.03448275862071011 0.4137931034499021 0
361 0.03448275862071735 0.4482758620707268 0
362 0.0344827586207246 0.4827586206915514 0
363 0.03448275862073186 0.5172413793121949 0
364 0.0344827586207391 0.5517241379326568 0
365 0.03448275862074633 0.5862068965531183 0
366 0.03448275862075359 0.6206896551735802 0
367 0.03448275862076083 0.6551724137940422 0
368 0.03448275862076808 0.689655172414504 0
369 0.03448275862077532 0.7241379310349659 0
370 0.03448275862078257 0.7586206896554277 0
371 0.03448275862078981 0.7931034482758895 0
372 0.03448275862079705 0.8275862068963512 0
373 0.0344827586208043 0.862068965516813 0
374 0.03448275862081154 0.8965517241375058 0
375 0.03448275862081879 0.9310344827583372 0
376 0.03448275862082603 0.9655172413791686 0
377 0.06896551724125582 0.03448275862081879 0
378 0.06896551724127051 0.06896551724163702 0
379 0.06896551724128516 0.1034482758624567 0
380 0.06896551724129982 0.1379310344832751 0
381 0.0689655172413145 0.1724137931040915 0
382 0.06896551724132916 0.2068965517249077 0
383 0.06896551724134381 0.2413793103457242 0
384 0.06896551724135846 0.2758620689665406 0
385 0.06896551724137315 0.3103448275873567 0
386 0.0689655172413878 0.3448275862081731 0
387 0.06896551724140246 0.3793103448289895 0
388 0.06896551724141711 0.4137931034498058 0
389 0.06896551724143177 0.4482758620706222 0
390 0.06896551724144642 0.4827586206914385 0
391 0.06896551724146108 0.5172413793120835 0
392 0.06896551724147573 0.5517241379325565 0
393 0.06896551724149041 0.5862068965530297 0
394 0.06896551724150507 0.6206896551735028 0
395 0.06896551724151972 0.6551724137939762 0
396 0.06896551724153438 0.6896551724144494 0
397 0.06896551724154906 0.7241379310349225 0
398 0.06896551724156372 0.758620689655396 0
399 0.06896551724157837 0.7931034482758691 0
400 0.06896551724159303 0.8275862068963421 0
401 0.06896551724160768 0.8620689655168152 0
402 0.06896551724162234 0.8965517241375112 0
403 0.06896551724163699 0.9310344827583408 0
404 0.06896551724165167 0.9655172413791704 0
405 0.1034482758618993 0.03448275862081154 0
406 0.1034482758619207 0.06896551724162234 0
407 0.1034482758619421 0.1034482758624353 0
408 0.1034482758619636 0.1379310344832463 0
409 0.103448275861985 0.1724137931040542 0
410 0.1034482758620065 0.2068965517248621 0
411 0.1034482758620279 0.2413793103456701 0
412 0.1034482758620493 0.275862068966478 0
413 0.1034482758620708 0.3103448275872858 0
414 0.1034482758620922 0.3448275862080937 0
415 0.1034482758621137 0.3793103448289017 0
416 0.1034482758621351 0.4137931034497097 0
417 0.1034482758621565 0.4482758620705176 0
418 0.103448275862178 0.4827586206913256 0
419 0.1034482758621994 0.5172413793119718 0
420 0.1034482758622209 0.5517241379324566 0
421 0.1034482758622423 0.5862068965529411 0
422 0.1034482758622638 0.6206896551734257 0
423 0.1034482758622852 0.6551724137939102 0
424 0.1034482758623066 0.6896551724143948 0
425 0.1034482758623281 0.7241379310348793 0
426 0.1034482758623495 0.758620689655364 0
427 0.103448275862371 0.7931034482758487 0
428 0.1034482758623924 0.8275862068963331 0
429 0.1034482758624138 0.8620689655168177 0
430 0.1034482758624353 0.8965517241375167 0
431 0.1034482758624567 0.9310344827583444 0
432 0.1034482758624782 0.9655172413791722 0
433 0.1379310344825255 0.0344827586208043 0
434 0.1379310344825543 0.06896551724160768 0
435 0.1379310344825832 0.1034482758624139 0
436 0.137931034482612 0.1379310344832175 0
437 0.1379310344826408 0.1724137931040169 0
438 0.1379310344826697 0.2068965517248164 0
439 0.1379310344826985 0.241379310345616 0
440 0.1379310344827273 0.2758620689664155 0
441 0.1379310344827562 0.3103448275872149 0
442 0.137931034482785 0.3448275862080144 0
443 0.1379310344828138 0.379310344828814 0
444 0.1379310344828427 0.4137931034496134 0
445 0.1379310344828715 0.448275862070413 0
446 0.1379310344829003 0.4827586206912123 0
447 0.1379310344829291 0.5172413793118601 0
448 0.137931034482958 0.5517241379323562 0
449 0.1379310344829868 0.5862068965528522 0
450 0.1379310344830156 0.6206896551733483 0
451 0.1379310344830445 0.6551724137938442 0
452 0.1379310344830733 0.6896551724143403 0
453 0.1379310344831021 0.7241379310348361 0
454 0.137931034483131 0.7586206896553321 0
455 0.1379310344831598 0.793103448275828 0
456 0.1379310344831886 0.827586206896324 0
457 0.1379310344832175 0.8620689655168199 0
458 0.1379310344832463 0.8965517241375219 0
459 0.1379310344832751 0.9310344827583481 0
460 0.137931034483304 0.9655172413791739 0
461 0.1724137931031229 0.03448275862079705 0
462 0.1724137931031602 0.06896551724159303 0
463 0.1724137931031974 0.1034482758623924 0
464 0.1724137931032347 0.1379310344831886 0
465 0.1724137931032719 0.1724137931039797 0
466 0.1724137931033091 0.2068965517247707 0
467 0.1724137931033465 0.2413793103455619 0
468 0.1724137931033837 0.275862068966353 0
469 0.172413793103421 0.3103448275871439 0
470 0.1724137931034581 0.344827586207935 0
471 0.1724137931034954 0.3793103448287262 0
472 0.1724137931035327 0.4137931034495173 0
473 0.1724137931035699 0.4482758620703084 0
474 0.1724137931036072 0.4827586206910993 0
475 0.1724137931036444 0.5172413793117486 0
476 0.1724137931036817 0.5517241379322561 0
477 0.1724137931037189 0.5862068965527635 0
478 0.1724137931037562 0.6206896551732708 0
479 0.1724137931037934 0.6551724137937781 0
480 0.1724137931038307 0.6896551724142855 0
481 0.1724137931038679 0.7241379310347927 0
482 0.1724137931039052 0.7586206896553003 0
483 0.1724137931039425 0.7931034482758078 0
484 0.1724137931039797 0.827586206896315 0
485 0.172413793104017 0.8620689655168223 0
486 0.1724137931040542 0.8965517241375277 0
487 0.1724137931040915 0.9310344827583519 0
488 0.1724137931041287 0.9655172413791758 0
489 0.2068965517237203 0.03448275862078981 0
490 0.206896551723766 0.06896551724157837 0
491 0.2068965517238117 0.103448275862371 0
492 0.2068965517238573 0.1379310344831598 0
493 0.206896551723903 0.1724137931039425 0
494 0.2068965517239487 0.2068965517247251 0
495 0.2068965517239943 0.2413793103455079 0
496 0.20689655172404 0.2758620689662906 0
497 0.2068965517240857 0.3103448275870731 0
498 0.2068965517241314 0.3448275862078557 0
499 0.206896551724177 0.3793103448286385 0
500 0.2068965517242227 0.4137931034494211 0
501 0.2068965517242684 0.4482758620702038 0
502 0.2068965517243141 0.4827586206909863 0
503 0.2068965517243597 0.5172413793116372 0
504 0.2068965517244054 0.5517241379321559 0
505 0.206896551724451 0.5862068965526747 0
506 0.2068965517244967 0.6206896551731934 0
507 0.2068965517245424 0.6551724137937122 0
508 0.2068965517245881 0.6896551724142309 0
509 0.2068965517246337 0.7241379310347497 0
510 0.2068965517246794 0.7586206896552685 0
511 0.2068965517247251 0.7931034482757868 0
512 0.2068965517247707 0.8275862068963058 0
513 0.2068965517248164 0.8620689655168245 0
514 0.2068965517248621 0.8965517241375329 0
515 0.2068965517249077 0.9310344827583554 0
516 0.2068965517249534 0.9655172413791775 0
517 0.2413793103443178 0.03448275862078257 0
518 0.2413793103443719 0.06896551724156372 0
519 0.241379310344426 0.1034482758623495 0
520 0.2413793103444801 0.137931034483131 0
521 0.2413793103445341 0.1724137931039052 0
522 0.2413793103445883 0.2068965517246794 0
523 0.2413793103446424 0.2413793103454537 0
524 0.2413793103446965 0.2758620689662279 0
525 0.2413793103447505 0.310344827587002 0
526 0.2413793103448047 0.3448275862077764 0
527 0.2413793103448587 0.3793103448285506 0
528 0.2413793103449128 0.4137931034493249 0
529 0.2413793103449669 0.4482758620700991 0
530 0.241379310345021 0.4827586206908734 0
531 0.2413793103450751 0.5172413793115257 0
532 0.2413793103451292 0.5517241379320558 0
533 0.2413793103451833 0.5862068965525858 0
534 0.2413793103452374 0.6206896551731161 0
535 0.2413793103452915 0.655172413793646 0
536 0.2413793103453455 0.6896551724141763 0
537 0.2413793103453996 0.7241379310347066 0
538 0.2413793103454537 0.7586206896552365 0
539 0.2413793103455078 0.7931034482757665 0
540 0.2413793103455619 0.8275862068962969 0
541 0.241379310345616 0.8620689655168268 0
542 0.2413793103456701 0.8965517241375383 0
543 0.2413793103457241 0.931034482758359 0
544 0.2413793103457783 0.9655172413791795 0
545 0.2758620689649152 0.03448275862077532 0
546 0.2758620689649777 0.06896551724154906 0
547 0.2758620689650403 0.1034482758623281 0
548 0.2758620689651027 0.1379310344831021 0
549 0.2758620689651652 0.172413793103868 0
550 0.2758620689652279 0.2068965517246337 0
551 0.2758620689652903 0.2413793103453996 0
552 0.2758620689653528 0.2758620689661654 0
553 0.2758620689654154 0.3103448275869313 0
554 0.2758620689654779 0.3448275862076969 0
555 0.2758620689655403 0.3793103448284629 0
556 0.2758620689656028 0.4137931034492286 0
557 0.2758620689656654 0.4482758620699945 0
558 0.2758620689657279 0.4827586206907603 0
559 0.2758620689657903 0.5172413793114141 0
560 0.2758620689658529 0.5517241379319556 0
561 0.2758620689659154 0.586206896552497 0
562 0.2758620689659779 0.6206896551730384 0
563 0.2758620689660404 0.65517241379358 0
564 0.2758620689661029 0.6896551724141218 0
565 0.2758620689661654 0.7241379310346631 0
566 0.2758620689662279 0.7586206896552046 0
567 0.2758620689662905 0.7931034482757461 0
568 0.275862068966353 0.8275862068962876 0
569 0.2758620689664156 0.862068965516829 0
570 0.275862068966478 0.8965517241375438 0
571 0.2758620689665406 0.9310344827583626 0
572 0.275862068966603 0.9655172413791813 0
573 0.3103448275855126 0.03448275862076808 0
574 0.3103448275855836 0.06896551724153438 0
575 0.3103448275856545 0.1034482758623066 0
576 0.3103448275857255 0.1379310344830733 0
577 0.3103448275857963 0.1724137931038307 0
578 0.3103448275858672 0.206896551724588 0
579 0.3103448275859381 0.2413793103453455 0
580 0.3103448275860091 0.275862068966103 0
581 0.3103448275860801 0.3103448275868602 0
582 0.310344827586151 0.3448275862076177 0
583 0.3103448275862218 0.3793103448283751 0
584 0.3103448275862928 0.4137931034491324 0
585 0.3103448275863638 0.4482758620698899 0
586 0.3103448275864347 0.4827586206906472 0
587 0.3103448275865056 0.5172413793113024 0
588 0.3103448275865765 0.5517241379318553 0
589 0.3103448275866474 0.5862068965524082 0
590 0.3103448275867184 0.6206896551729613 0
591 0.3103448275867893 0.6551724137935141 0
592 0.3103448275868603 0.689655172414067 0
593 0.3103448275869312 0.7241379310346201 0
594 0.3103448275870022 0.7586206896551728 0
595 0.3103448275870731 0.7931034482757257 0
596 0.310344827587144 0.8275862068962785 0
597 0.3103448275872149 0.8620689655168315 0
598 0.3103448275872858 0.8965517241375494 0
599 0.3103448275873568 0.9310344827583661 0
600 0.3103448275874277 0.9655172413791832 0
601 0.3448275862061099 0.03448275862076083 0
602 0.3448275862061893 0.06896551724151972 0
603 0.3448275862062687 0.1034482758622852 0
604 0.3448275862063481 0.1379310344830445 0
605 0.3448275862064274 0.1724137931037934 0
606 0.3448275862065068 0.2068965517245424 0
607 0.3448275862065862 0.2413793103452915 0
608 0.3448275862066655 0.2758620689660404 0
609 0.3448275862067448 0.3103448275867894 0
610 0.3448275862068241 0.3448275862075383 0
611 0.3448275862069035 0.3793103448282873 0
612 0.3448275862069828 0.4137931034490363 0
613 0.3448275862070622 0.4482758620697854 0
614 0.3448275862071415 0.4827586206905343 0
615 0.3448275862072209 0.517241379311191 0
616 0.3448275862073003 0.5517241379317555 0
617 0.3448275862073796 0.5862068965523194 0
618 0.344827586207459 0.6206896551728839 0
619 0.3448275862075382 0.655172413793448 0
620 0.3448275862076176 0.6896551724140125 0
621 0.344827586207697 0.7241379310345765 0
622 0.3448275862077764 0.7586206896551411 0
623 0.3448275862078557 0.7931034482757053 0
624 0.344827586207935 0.8275862068962694 0
625 0.3448275862080144 0.8620689655168337 0
626 0.3448275862080937 0.8965517241375548 0
627 0.3448275862081731 0.9310344827583696 0
628 0.3448275862082524 0.9655172413791848 0
629 0.3793103448267074 0.03448275862075359 0
630 0.3793103448267953 0.06896551724150507 0
631 0.3793103448268831 0.1034482758622637 0
632 0.3793103448269709 0.1379310344830156 0
633 0.3793103448270585 0.1724137931037562 0
634 0.3793103448271464 0.2068965517244967 0
635 0.3793103448272341 0.2413793103452374 0
636 0.3793103448273219 0.2758620689659779 0
637 0.3793103448274096 0.3103448275867184 0
638 0.3793103448274975 0.3448275862074588 0
639 0.3793103448275852 0.3793103448281996 0
640 0.379310344827673 0.4137931034489402 0
641 0.3793103448277607 0.4482758620696807 0
642 0.3793103448278485 0.4827586206904212 0
643 0.3793103448279362 0.5172413793110794 0
644 0.3793103448280239 0.551724137931655 0
645 0.3793103448281118 0.5862068965522306 0
646 0.3793103448281996 0.6206896551728064 0
647 0.3793103448282873 0.6551724137933822 0
648 0.3793103448283751 0.6896551724139578 0
649 0.3793103448284629 0.7241379310345334 0
650 0.3793103448285506 0.7586206896551091 0
651 0.3793103448286383 0.7931034482756848 0
652 0.3793103448287262 0.8275862068962605 0
653 0.379310344828814 0.8620689655168361 0
654 0.3793103448289017 0.8965517241375602 0
655 0.3793103448289894 0.9310344827583734 0
656 0.3793103448290773 0.9655172413791868 0
657 0.4137931034473048 0.03448275862074635 0
658 0.4137931034474012 0.06896551724149041 0
659 0.4137931034474973 0.1034482758622423 0
660 0.4137931034475935 0.1379310344829868 0
661 0.4137931034476896 0.1724137931037189 0
662 0.4137931034477859 0.2068965517244511 0
663 0.413793103447882 0.2413793103451832 0
664 0.4137931034479783 0.2758620689659154 0
665 0.4137931034480744 0.3103448275866474 0
666 0.4137931034481706 0.3448275862073796 0
667 0.4137931034482668 0.3793103448281118 0
668 0.413793103448363 0.4137931034488439 0
669 0.4137931034484591 0.448275862069576 0
670 0.4137931034485554 0.4827586206903082 0
671 0.4137931034486515 0.5172413793109679 0
672 0.4137931034487478 0.5517241379315551 0
673 0.4137931034488439 0.5862068965521418 0
674 0.4137931034489402 0.6206896551727289 0
675 0.4137931034490363 0.655172413793316 0
676 0.4137931034491324 0.6896551724139032 0
677 0.4137931034492286 0.7241379310344903 0
678 0.4137931034493247 0.7586206896550773 0
679 0.4137931034494211 0.7931034482756644 0
680 0.4137931034495173 0.8275862068962514 0
681 0.4137931034496134 0.8620689655168383 0
682 0.4137931034497095 0.8965517241375656 0
683 0.4137931034498059 0.9310344827583772 0
684 0.4137931034499021 0.9655172413791886 0
685 0.4482758620679022 0.0344827586207391 0
686 0.448275862068007 0.06896551724147576 0
687 0.4482758620681115 0.1034482758622209 0
688 0.4482758620682161 0.137931034482958 0
689 0.4482758620683208 0.1724137931036817 0
690 0.4482758620684253 0.2068965517244054 0
691 0.44827586206853 0.2413793103451292 0
692 0.4482758620686346 0.2758620689658529 0
693 0.4482758620687392 0.3103448275865766 0
694 0.4482758620688438 0.3448275862073003 0
695 0.4482758620689484 0.3793103448280241 0
696 0.4482758620690529 0.4137931034487478 0
697 0.4482758620691576 0.4482758620694715 0
698 0.4482758620692622 0.4827586206901952 0
699 0.4482758620693668 0.5172413793108562 0
700 0.4482758620694715 0.5517241379314547 0
701 0.4482758620695761 0.5862068965520529 0
702 0.4482758620696806 0.6206896551726516 0
703 0.4482758620697853 0.6551724137932501 0
704 0.4482758620698899 0.6896551724138485 0
705 0.4482758620699945 0.724137931034447 0
706 0.4482758620700991 0.7586206896550456 0
707 0.4482758620702036 0.7931034482756439 0
708 0.4482758620703083 0.8275862068962423 0
709 0.4482758620704129 0.8620689655168408 0
710 0.4482758620705176 0.8965517241375711 0
711 0.4482758620706222 0.9310344827583807 0
712 0.4482758620707268 0.9655172413791904 0
713 0.4827586206884998 0.03448275862073186 0
714 0.4827586206886129 0.06896551724146111 0
715 0.4827586206887259 0.1034482758621994 0
716 0.4827586206888389 0.1379310344829291 0
717 0.4827586206889519 0.1724137931036444 0
718 0.4827586206890649 0.2068965517243597 0
719 0.4827586206891779 0.2413793103450751 0
720 0.482758620689291 0.2758620689657903 0
721 0.4827586206894039 0.3103448275865056 0
722 0.482758620689517 0.3448275862072208 0
723 0.48275862068963 0.3793103448279362 0
724 0.4827586206897431 0.4137931034486515 0
725 0.4827586206898561 0.4482758620693668 0
726 0.4827586206899691 0.4827586206900821 0
727 0.4827586206900821 0.5172413793107445 0
728 0.4827586206901952 0.5517241379313546 0
729 0.4827586206903082 0.5862068965519646 0
730 0.4827586206904212 0.6206896551725744 0
731 0.4827586206905342 0.6551724137931841 0
732 0.4827586206906472 0.6896551724137939 0
733 0.4827586206907604 0.7241379310344037 0
734 0.4827586206908733 0.7586206896550136 0
735 0.4827586206909863 0.7931034482756235 0
736 0.4827586206910994 0.8275862068962332 0
737 0.4827586206912123 0.862068965516843 0
738 0.4827586206913255 0.8965517241375764 0
739 0.4827586206914385 0.9310344827583843 0
740 0.4827586206915515 0.9655172413791921 0
741 0.5172413793091831 0.03448275862072461 0
742 0.5172413793092946 0.06896551724144642 0
743 0.5172413793094063 0.103448275862178 0
744 0.5172413793095175 0.1379310344829003 0
745 0.5172413793096292 0.1724137931036072 0
746 0.5172413793097407 0.2068965517243141 0
747 0.5172413793098524 0.241379310345021 0
748 0.5172413793099639 0.2758620689657279 0
749 0.5172413793100754 0.3103448275864347 0
750 0.5172413793101871 0.3448275862071415 0
751 0.5172413793102985 0.3793103448278485 0
752 0.5172413793104099 0.4137931034485554 0
753 0.5172413793105216 0.4482758620692622 0
754 0.5172413793106331 0.4827586206899691 0
755 0.5172413793107445 0.5172413793106331 0
756 0.5172413793108562 0.5517241379312544 0
757 0.5172413793109679 0.5862068965518757 0
758 0.5172413793110794 0.6206896551724969 0
759 0.5172413793111909 0.655172413793118 0
760 0.5172413793113025 0.6896551724137393 0
761 0.517241379311414 0.7241379310343606 0
762 0.5172413793115255 0.7586206896549816 0
763 0.5172413793116372 0.7931034482756031 0
764 0.5172413793117486 0.8275862068962241 0
765 0.5172413793118601 0.8620689655168454 0
766 0.5172413793119718 0.896551724137582 0
767 0.5172413793120832 0.9310344827583881 0
768 0.5172413793121949 0.9655172413791939 0
769 0.5517241379299521 0.03448275862071737 0
770 0.5517241379300523 0.06896551724143177 0
771 0.5517241379301526 0.1034482758621565 0
772 0.5517241379302528 0.1379310344828715 0
773 0.5517241379303529 0.1724137931035699 0
774 0.5517241379304531 0.2068965517242684 0
775 0.5517241379305532 0.2413793103449669 0
776 0.5517241379306533 0.2758620689656653 0
777 0.5517241379307535 0.3103448275863637 0
778 0.551724137930854 0.3448275862070622 0
779 0.551724137930954 0.3793103448277607 0
780 0.5517241379310541 0.4137931034484592 0
781 0.5517241379311543 0.4482758620691576 0
782 0.5517241379312544 0.4827586206898561 0
783 0.5517241379313546 0.5172413793105216 0
784 0.5517241379314547 0.5517241379311543 0
785 0.5517241379315551 0.5862068965517869 0
786 0.551724137931655 0.6206896551724194 0
787 0.5517241379317553 0.655172413793052 0
788 0.5517241379318555 0.6896551724136847 0
789 0.5517241379319556 0.7241379310343171 0
790 0.5517241379320558 0.7586206896549499 0
791 0.5517241379321559 0.7931034482755824 0
792 0.5517241379322561 0.827586206896215 0
793 0.5517241379323562 0.8620689655168476 0
794 0.5517241379324566 0.8965517241375873 0
795 0.5517241379325565 0.9310344827583916 0
796 0.5517241379326568 0.9655172413791957 0
797 0.5862068965507213 0.03448275862071012 0
798 0.5862068965508104 0.06896551724141711 0
799 0.5862068965508992 0.1034482758621351 0
800 0.5862068965509879 0.1379310344828427 0
801 0.5862068965510766 0.1724137931035327 0
802 0.5862068965511652 0.2068965517242227 0
803 0.586206896551254 0.2413793103449128 0
804 0.5862068965513428 0.2758620689656029 0
805 0.5862068965514317 0.3103448275862928 0
806 0.5862068965515205 0.3448275862069828 0
807 0.5862068965516093 0.379310344827673 0
808 0.5862068965516981 0.4137931034483631 0
809 0.5862068965517869 0.448275862069053 0
810 0.5862068965518757 0.4827586206897431 0
811 0.5862068965519643 0.5172413793104101 0
812 0.5862068965520532 0.5517241379310541 0
813 0.586206896552142 0.5862068965516981 0
814 0.5862068965522306 0.6206896551723421 0
815 0.5862068965523194 0.6551724137929861 0
816 0.5862068965524082 0.6896551724136301 0
817 0.586206896552497 0.724137931034274 0
818 0.5862068965525858 0.7586206896549181 0
819 0.5862068965526747 0.7931034482755618 0
820 0.5862068965527635 0.8275862068962059 0
821 0.5862068965528523 0.8620689655168499 0
822 0.5862068965529411 0.8965517241375929 0
823 0.5862068965530295 0.9310344827583952 0
824 0.5862068965531183 0.9655172413791977 0
825 0.6206896551714908 0.03448275862070288 0
826 0.6206896551715679 0.06896551724140246 0
827 0.6206896551716453 0.1034482758621137 0
828 0.6206896551717229 0.1379310344828138 0
829 0.6206896551718004 0.1724137931034954 0
830 0.6206896551718776 0.2068965517241771 0
831 0.6206896551719551 0.2413793103448587 0
832 0.6206896551720323 0.2758620689655403 0
833 0.6206896551721099 0.3103448275862219 0
834 0.6206896551721873 0.3448275862069035 0
835 0.6206896551722646 0.3793103448275852 0
836 0.6206896551723421 0.4137931034482668 0
837 0.6206896551724194 0.4482758620689484 0
838 0.6206896551724969 0.48275862068963 0
839 0.6206896551725744 0.5172413793102985 0
840 0.6206896551726516 0.5517241379309538 0
841 0.6206896551727289 0.5862068965516093 0
842 0.6206896551728064 0.6206896551722646 0
843 0.6206896551728839 0.6551724137929199 0
844 0.6206896551729612 0.6896551724135754 0
845 0.6206896551730386 0.724137931034231 0
846 0.6206896551731161 0.7586206896548862 0
847 0.6206896551731934 0.7931034482755414 0
848 0.6206896551732707 0.827586206896197 0
849 0.6206896551733484 0.8620689655168521 0
850 0.6206896551734257 0.8965517241375982 0
851 0.6206896551735029 0.931034482758399 0
852 0.6206896551735804 0.9655172413791995 0
853 0.6551724137922601 0.03448275862069562 0
854 0.6551724137923259 0.0689655172413878 0
855 0.6551724137923921 0.1034482758620922 0
856 0.6551724137924579 0.137931034482785 0
857 0.6551724137925238 0.1724137931034582 0
858 0.6551724137925899 0.2068965517241314 0
859 0.6551724137926559 0.2413793103448046 0
860 0.6551724137927218 0.2758620689654779 0
861 0.655172413792788 0.310344827586151 0
862 0.6551724137928541 0.3448275862068241 0
863 0.6551724137929199 0.3793103448274975 0
864 0.6551724137929861 0.4137931034481706 0
865 0.6551724137930518 0.4482758620688437 0
866 0.655172413793118 0.482758620689517 0
867 0.6551724137931841 0.517241379310187 0
868 0.6551724137932501 0.5517241379308538 0
869 0.655172413793316 0.5862068965515205 0
870 0.6551724137933822 0.6206896551721871 0
871 0.6551724137934481 0.6551724137928542 0
872 0.6551724137935141 0.6896551724135208 0
873 0.65517241379358 0.7241379310341874 0
874 0.655172413793646 0.7586206896548542 0
875 0.6551724137937122 0.7931034482755208 0
876 0.6551724137937781 0.8275862068961877 0
877 0.6551724137938441 0.8620689655168545 0
878 0.6551724137939102 0.8965517241376038 0
879 0.6551724137939762 0.9310344827584025 0
880 0.6551724137940421 0.9655172413792013 0
881 0.689655172413029 0.03448275862068838 0
882 0.6896551724130838 0.06896551724137315 0
883 0.6896551724131385 0.1034482758620708 0
884 0.6896551724131932 0.1379310344827562 0
885 0.6896551724132477 0.1724137931034209 0
886 0.6896551724133021 0.2068965517240857 0
887 0.6896551724133567 0.2413793103447506 0
888 0.6896551724134115 0.2758620689654153 0
889 0.6896551724134662 0.3103448275860801 0
890 0.6896551724135209 0.3448275862067448 0
891 0.6896551724135754 0.3793103448274097 0
892 0.6896551724136301 0.4137931034480744 0
893 0.6896551724136847 0.4482758620687392 0
894 0.6896551724137393 0.482758620689404 0
895 0.6896551724137939 0.5172413793100753 0
896 0.6896551724138485 0.5517241379307535 0
897 0.6896551724139032 0.5862068965514317 0
898 0.6896551724139578 0.6206896551721098 0
899 0.6896551724140124 0.655172413792788 0
900 0.689655172414067 0.6896551724134662 0
901 0.6896551724141217 0.7241379310341444 0
902 0.6896551724141763 0.7586206896548224 0
903 0.6896551724142308 0.7931034482755004 0
904 0.6896551724142855 0.8275862068961788 0
905 0.6896551724143402 0.862068965516857 0
906 0.6896551724143947 0.8965517241376093 0
907 0.6896551724144494 0.9310344827584061 0
908 0.689655172414504 0.965517241379203 0
909 0.7241379310337984 0.03448275862068115 0
910 0.7241379310338416 0.06896551724135849 0
911 0.724137931033885 0.1034482758620494 0
912 0.7241379310339282 0.1379310344827273 0
913 0.7241379310339712 0.1724137931033837 0
914 0.7241379310340147 0.20689655172404 0
915 0.7241379310340578 0.2413793103446965 0
916 0.7241379310341011 0.2758620689653529 0
917 0.7241379310341445 0.3103448275860091 0
918 0.7241379310341874 0.3448275862066655 0
919 0.7241379310342307 0.3793103448273218 0
920 0.724137931034274 0.4137931034479783 0
921 0.7241379310343171 0.4482758620686346 0
922 0.7241379310343604 0.482758620689291 0
923 0.7241379310344037 0.5172413793099638 0
924 0.7241379310344468 0.5517241379306536 0
925 0.7241379310344903 0.5862068965513428 0
926 0.7241379310345334 0.6206896551720326 0
927 0.7241379310345767 0.6551724137927218 0
928 0.72413793103462 0.6896551724134116 0
929 0.7241379310346634 0.724137931034101 0
930 0.7241379310347065 0.7586206896547907 0
931 0.7241379310347495 0.79310344827548 0
932 0.724137931034793 0.8275862068961697 0
933 0.7241379310348363 0.8620689655168592 0
934 0.7241379310348793 0.8965517241376146 0
935 0.7241379310349226 0.9310344827584098 0
936 0.7241379310349659 0.965517241379205 0
937 0.7586206896545675 0.0344827586206739 0
938 0.7586206896545995 0.06896551724134381 0
939 0.7586206896546315 0.1034482758620279 0
940 0.7586206896546633 0.1379310344826985 0
941 0.758620689654695 0.1724137931033464 0
942 0.758620689654727 0.2068965517239943 0
943 0.7586206896547587 0.2413793103446423 0
944 0.7586206896547905 0.2758620689652903 0
945 0.7586206896548222 0.3103448275859382 0
946 0.7586206896548542 0.3448275862065861 0
947 0.7586206896548862 0.3793103448272341 0
948 0.7586206896549181 0.4137931034478821 0
949 0.7586206896549499 0.4482758620685299 0
950 0.7586206896549816 0.482758620689178 0
951 0.7586206896550136 0.5172413793098524 0
952 0.7586206896550454 0.5517241379305532 0
953 0.7586206896550771 0.586206896551254 0
954 0.7586206896551091 0.6206896551719551 0
955 0.7586206896551411 0.6551724137926561 0
956 0.758620689655173 0.6896551724133569 0
957 0.7586206896552048 0.7241379310340579 0
958 0.7586206896552365 0.7586206896547587 0
959 0.7586206896552685 0.7931034482754596 0
960 0.7586206896553005 0.8275862068961606 0
961 0.7586206896553322 0.8620689655168614 0
962 0.758620689655364 0.89655172413762 0
963 0.758620689655396 0.9310344827584134 0
964 0.7586206896554277 0.9655172413792068 0
965 0.7931034482753369 0.03448275862066665 0
966 0.7931034482753571 0.06896551724132916 0
967 0.7931034482753777 0.1034482758620065 0
968 0.7931034482753979 0.1379310344826697 0
969 0.7931034482754186 0.1724137931033091 0
970 0.7931034482754391 0.2068965517239487 0
971 0.7931034482754596 0.2413793103445883 0
972 0.7931034482754801 0.2758620689652279 0
973 0.7931034482755003 0.3103448275858672 0
974 0.7931034482755213 0.3448275862065068 0
975 0.7931034482755416 0.3793103448271463 0
976 0.7931034482755618 0.4137931034477859 0
977 0.7931034482755824 0.4482758620684253 0
978 0.7931034482756029 0.4827586206890649 0
979 0.7931034482756233 0.5172413793097409 0
980 0.7931034482756439 0.5517241379304533 0
981 0.7931034482756644 0.5862068965511654 0
982 0.7931034482756848 0.6206896551718776 0
983 0.7931034482757051 0.6551724137925899 0
984 0.7931034482757255 0.6896551724133022 0
985 0.793103448275746 0.7241379310340146 0
986 0.7931034482757665 0.7586206896547267 0
987 0.7931034482757872 0.7931034482754392 0
988 0.7931034482758076 0.8275862068961515 0
989 0.793103448275828 0.8620689655168636 0
990 0.7931034482758487 0.8965517241376255 0
991 0.7931034482758692 0.9310344827584172 0
992 0.7931034482758895 0.9655172413792086 0
993 0.8275862068961061 0.0344827586206594 0
994 0.827586206896115 0.0689655172413145 0
995 0.8275862068961242 0.103448275861985 0
996 0.8275862068961333 0.1379310344826408 0
997 0.8275862068961425 0.1724137931032719 0
998 0.8275862068961515 0.206896551723903 0
999 0.8275862068961606 0.2413793103445342 0
1000 0.8275862068961695 0.2758620689651652 0
1001 0.8275862068961788 0.3103448275857964 0
1002 0.8275862068961877 0.3448275862064274 0
1003 0.827586206896197 0.3793103448270586 0
1004 0.8275862068962059 0.4137931034476896 0
1005 0.8275862068962148 0.4482758620683207 0
1006 0.8275862068962241 0.4827586206889519 0
1007 0.8275862068962332 0.5172413793096292 0
1008 0.8275862068962423 0.5517241379303529 0
1009 0.8275862068962514 0.5862068965510766 0
1010 0.8275862068962605 0.6206896551718003 0
1011 0.8275862068962696 0.655172413792524 0
1012 0.8275862068962785 0.6896551724132477 0
1013 0.8275862068962876 0.7241379310339712 0
1014 0.8275862068962967 0.7586206896546952 0
1015 0.8275862068963058 0.7931034482754188 0
1016 0.8275862068963149 0.8275862068961424 0
1017 0.827586206896324 0.8620689655168661 0
1018 0.8275862068963329 0.8965517241376308 0
1019 0.8275862068963422 0.9310344827584207 0
1020 0.8275862068963511 0.9655172413792104 0
1021 0.8620689655168752 0.03448275862065216 0
1022 0.862068965516873 0.06896551724129985 0
1023 0.8620689655168707 0.1034482758619636 0
1024 0.8620689655168683 0.137931034482612 0
1025 0.8620689655168661 0.1724137931032347 0
1026 0.8620689655168636 0.2068965517238573 0
1027 0.8620689655168614 0.2413793103444801 0
1028 0.862068965516859 0.2758620689651028 0
1029 0.8620689655168569 0.3103448275857254 0
1030 0.8620689655168543 0.3448275862063481 0
1031 0.8620689655168521 0.3793103448269708 0
1032 0.8620689655168499 0.4137931034475935 0
1033 0.8620689655168474 0.4482758620682161 0
1034 0.8620689655168452 0.4827586206888389 0
1035 0.8620689655168432 0.5172413793095175 0
1036 0.8620689655168405 0.5517241379302528 0
1037 0.8620689655168383 0.5862068965509878 0
1038 0.8620689655168361 0.6206896551717228 0
1039 0.8620689655168337 0.6551724137924581 0
1040 0.8620689655168314 0.6896551724131931 0
1041 0.862068965516829 0.7241379310339281 0
1042 0.8620689655168268 0.7586206896546632 0
1043 0.8620689655168245 0.7931034482753984 0
1044 0.8620689655168223 0.8275862068961333 0
1045 0.8620689655168199 0.8620689655168685 0
1046 0.8620689655168174 0.8965517241376364 0
1047 0.8620689655168152 0.9310344827584243 0
1048 0.862068965516813 0.9655172413792121 0
1049 0.8965517241376528 0.03448275862064491 0
1050 0.8965517241376473 0.06896551724128516 0
1051 0.8965517241376417 0.1034482758619421 0
1052 0.8965517241376365 0.1379310344825832 0
1053 0.8965517241376312 0.1724137931031974 0
1054 0.8965517241376255 0.2068965517238117 0
1055 0.89655172413762 0.241379310344426 0
1056 0.8965517241376144 0.2758620689650402 0
1057 0.8965517241376091 0.3103448275856545 0
1058 0.8965517241376039 0.3448275862062687 0
1059 0.8965517241375982 0.3793103448268831 0
1060 0.8965517241375929 0.4137931034474973 0
1061 0.8965517241375873 0.4482758620681115 0
1062 0.8965517241375818 0.4827586206887259 0
1063 0.8965517241375764 0.5172413793094061 0
1064 0.8965517241375709 0.5517241379301526 0
1065 0.8965517241375658 0.586206896550899 0
1066 0.89655172413756 0.6206896551716455 0
1067 0.8965517241375549 0.6551724137923919 0
1068 0.8965517241375494 0.6896551724131383 0
1069 0.8965517241375438 0.724137931033885 0
1070 0.8965517241375385 0.7586206896546313 0
1071 0.8965517241375329 0.7931034482753777 0
1072 0.8965517241375276 0.8275862068961242 0
1073 0.8965517241375223 0.8620689655168707 0
1074 0.8965517241375165 0.8965517241376417 0
1075 0.8965517241375112 0.9310344827584278 0
1076 0.8965517241375058 0.9655172413792139 0
1077 0.9310344827584351 0.03448275862063767 0
1078 0.9310344827584316 0.06896551724127051 0
1079 0.9310344827584279 0.1034482758619207 0
1080 0.9310344827584243 0.1379310344825543 0
1081 0.9310344827584207 0.1724137931031602 0
1082 0.9310344827584169 0.206896551723766 0
1083 0.9310344827584136 0.2413793103443719 0
1084 0.9310344827584097 0.2758620689649777 0
1085 0.9310344827584061 0.3103448275855836 0
1086 0.9310344827584025 0.3448275862061894 0
1087 0.931034482758399 0.3793103448267953 0
1088 0.9310344827583954 0.4137931034474011 0
1089 0.9310344827583916 0.448275862068007 0
1090 0.9310344827583878 0.4827586206886129 0
1091 0.9310344827583843 0.5172413793092946 0
1092 0.9310344827583807 0.5517241379300523 0
1093 0.9310344827583772 0.5862068965508104 0
1094 0.9310344827583736 0.620689655171568 0
1095 0.9310344827583696 0.6551724137923259 0
1096 0.9310344827583661 0.6896551724130838 0
1097 0.9310344827583625 0.7241379310338415 0
1098 0.931034482758359 0.7586206896545993 0
1099 0.9310344827583554 0.7931034482753574 0
1100 0.9310344827583517 0.8275862068961151 0
1101 0.9310344827583481 0.862068965516873 0
1102 0.9310344827583443 0.8965517241376473 0
1103 0.9310344827583408 0.9310344827584314 0
1104 0.9310344827583372 0.9655172413792159 0
1105 0.9655172413792175 0.03448275862063042 0
1106 0.9655172413792159 0.06896551724125585 0
1107 0.9655172413792139 0.1034482758618993 0
1108 0.9655172413792121 0.1379310344825255 0
1109 0.9655172413792105 0.1724137931031229 0
1110 0.9655172413792086 0.2068965517237203 0
1111 0.9655172413792066 0.2413793103443178 0
1112 0.9655172413792048 0.2758620689649152 0
1113 0.9655172413792034 0.3103448275855126 0
1114 0.9655172413792013 0.34482758620611 0
1115 0.9655172413791995 0.3793103448267074 0
1116 0.9655172413791977 0.4137931034473049 0
1117 0.9655172413791957 0.4482758620679024 0
1118 0.9655172413791939 0.4827586206884998 0
1119 0.9655172413791921 0.5172413793091831 0
1120 0.9655172413791904 0.5517241379299523 0
1121 0.9655172413791886 0.5862068965507216 0
1122 0.9655172413791868 0.6206896551714908 0
1123 0.965517241379185 0.65517241379226 0
1124 0.965517241379183 0.6896551724130292 0
1125 0.965517241379181 0.7241379310337984 0
1126 0.9655172413791793 0.7586206896545677 0
1127 0.9655172413791775 0.7931034482753366 0
1128 0.9655172413791757 0.827586206896106 0
1129 0.9655172413791739 0.8620689655168752 0
1130 0.9655172413791722 0.8965517241376528 0
1131 0.9655172413791704 0.9310344827584354 0
1132 0.9655172413791686 0.9655172413792175 0
1133 1.08163265306135 -0.9655172413792185 0
1134 1.081632653061361 -0.9310344827584367 0
1135 1.081632653061373 -0.896551724137655 0
1136 1.081632653061385 -0.8620689655168762 0
1137 1.081632653061396 -0.8275862068961024 0
1138 1.081632653061408 -0.7931034482753286 0
1139 1.08163265306142 -0.7586206896545545 0
1140 1.081632653061432 -0.7241379310337809 0
1141 1.081632653061443 -0.6896551724130068 0
1142 1.081632653061455 -0.6551724137922329 0
1143 1.081632653061467 -0.6206896551714591 0
1144 1.081632653061478 -0.5862068965506853 0
1145 1.08163265306149 -0.5517241379299114 0
1146 1.081632653061502 -0.5172413793091373 0
1147 1.081632653061514 -0.4827586206884537 0
1148 1.081632653061525 -0.4482758620678597 0
1149 1.081632653061537 -0.4137931034472656 0
1150 1.081632653061549 -0.3793103448266716 0
1151 1.081632653061561 -0.3448275862060777 0
1152 1.081632653061572 -0.3103448275854837 0
1153 1.081632653061584 -0.2758620689648896 0
1154 1.081632653061596 -0.2413793103442957 0
1155 1.081632653061607 -0.2068965517237017 0
1156 1.081632653061619 -0.1724137931031077 0
1157 1.081632653061631 -0.1379310344825138 0
1158 1.081632653061642 -0.1034482758618905 0
1159 1.081632653061654 -0.06896551724124989 0
1160 1.081632653061666 -0.03448275862062747 0
1161 1.163265306122699 -0.9655172413792175 0
1162 1.163265306122723 -0.9310344827584343 0
1163 1.163265306122746 -0.8965517241376518 0
1164 1.16326530612277 -0.8620689655168747 0
1165 1.163265306122793 -0.8275862068961075 0
1166 1.163265306122816 -0.7931034482753404 0
1167 1.16326530612284 -0.7586206896545735 0
1168 1.163265306122863 -0.7241379310338063 0
1169 1.163265306122887 -0.6896551724130392 0
1170 1.163265306122911 -0.655172413792272 0
1171 1.163265306122934 -0.6206896551715049 0
1172 1.163265306122957 -0.5862068965507379 0
1173 1.163265306122981 -0.5517241379299707 0
1174 1.163265306123005 -0.5172413793092034 0
1175 1.163265306123028 -0.4827586206885206 0
1176 1.163265306123051 -0.4482758620679216 0
1177 1.163265306123075 -0.4137931034473227 0
1178 1.163265306123098 -0.3793103448267237 0
1179 1.163265306123122 -0.3448275862061245 0
1180 1.163265306123145 -0.3103448275855256 0
1181 1.163265306123169 -0.2758620689649267 0
1182 1.163265306123192 -0.2413793103443277 0
1183 1.163265306123216 -0.2068965517237288 0
1184 1.163265306123239 -0.1724137931031298 0
1185 1.163265306123262 -0.1379310344825308 0
1186 1.163265306123286 -0.1034482758619032 0
1187 1.163265306123309 -0.06896551724125854 0
1188 1.163265306123333 -0.03448275862063176 0
1189 1.244897959184049 -0.9655172413792161 0
1190 1.244897959184085 -0.9310344827584324 0
1191 1.244897959184119 -0.8965517241376485 0
1192 1.244897959184154 -0.8620689655168734 0
1193 1.244897959184189 -0.8275862068961132 0
1194 1.244897959184225 -0.7931034482753527 0
1195 1.24489795918426 -0.7586206896545922 0
1196 1.244897959184295 -0.7241379310338318 0
1197 1.24489795918433 -0.6896551724130714 0
1198 1.244897959184366 -0.6551724137923111 0
1199 1.244897959184401 -0.6206896551715506 0
1200 1.244897959184436 -0.5862068965507903 0
1201 1.244897959184471 -0.5517241379300299 0
1202 1.244897959184506 -0.5172413793092696 0
1203 1.244897959184541 -0.4827586206885874 0
1204 1.244897959184577 -0.4482758620679834 0
1205 1.244897959184612 -0.4137931034473795 0
1206 1.244897959184647 -0.3793103448267755 0
1207 1.244897959184682 -0.3448275862061716 0
1208 1.244897959184717 -0.3103448275855676 0
1209 1.244897959184752 -0.2758620689649638 0
1210 1.244897959184788 -0.2413793103443598 0
1211 1.244897959184823 -0.2068965517237558 0
1212 1.244897959184858 -0.1724137931031518 0
1213 1.244897959184893 -0.1379310344825479 0
1214 1.244897959184928 -0.1034482758619159 0
1215 1.244897959184963 -0.0689655172412672 0
1216 1.244897959184998 -0.03448275862063604 0
1217 1.326530612245399 -0.9655172413792152 0
1218 1.326530612245445 -0.9310344827584301 0
1219 1.326530612245492 -0.8965517241376452 0
1220 1.326530612245539 -0.8620689655168721 0
1221 1.326530612245586 -0.8275862068961183 0
1222 1.326530612245633 -0.7931034482753647 0
1223 1.32653061224568 -0.7586206896546113 0
1224 1.326530612245727 -0.7241379310338576 0
1225 1.326530612245774 -0.6896551724131038 0
1226 1.326530612245821 -0.6551724137923501 0
1227 1.326530612245867 -0.6206896551715964 0
1228 1.326530612245915 -0.5862068965508429 0
1229 1.326530612245961 -0.5517241379300892 0
1230 1.326530612246008 -0.5172413793093356 0
1231 1.326530612246055 -0.4827586206886544 0
1232 1.326530612246102 -0.4482758620680453 0
1233 1.326530612246149 -0.4137931034474364 0
1234 1.326530612246196 -0.3793103448268275 0
1235 1.326530612246243 -0.3448275862062185 0
1236 1.32653061224629 -0.3103448275856096 0
1237 1.326530612246336 -0.2758620689650007 0
1238 1.326530612246383 -0.2413793103443918 0
1239 1.32653061224643 -0.2068965517237828 0
1240 1.326530612246478 -0.1724137931031738 0
1241 1.326530612246524 -0.1379310344825649 0
1242 1.326530612246571 -0.1034482758619286 0
1243 1.326530612246618 -0.06896551724127592 0
1244 1.326530612246664 -0.03448275862064033 0
1245 1.408163265306748 -0.9655172413792139 0
1246 1.408163265306807 -0.9310344827584283 0
1247 1.408163265306866 -0.8965517241376421 0
1248 1.408163265306925 -0.8620689655168707 0
1249 1.408163265306983 -0.8275862068961238 0
1250 1.408163265307042 -0.7931034482753769 0
1251 1.4081632653071 -0.7586206896546299 0
1252 1.408163265307159 -0.7241379310338829 0
1253 1.408163265307217 -0.6896551724131362 0
1254 1.408163265307276 -0.6551724137923892 0
1255 1.408163265307334 -0.6206896551716423 0
1256 1.408163265307393 -0.5862068965508955 0
1257 1.408163265307452 -0.5517241379301485 0
1258 1.40816326530751 -0.5172413793094015 0
1259 1.408163265307569 -0.4827586206887212 0
1260 1.408163265307627 -0.4482758620681073 0
1261 1.408163265307686 -0.4137931034474933 0
1262 1.408163265307745 -0.3793103448268794 0
1263 1.408163265307803 -0.3448275862062655 0
1264 1.408163265307862 -0.3103448275856515 0
1265 1.408163265307921 -0.2758620689650377 0
1266 1.408163265307979 -0.2413793103444238 0
1267 1.408163265308038 -0.2068965517238098 0
1268 1.408163265308096 -0.1724137931031959 0
1269 1.408163265308155 -0.137931034482582 0
1270 1.408163265308213 -0.1034482758619412 0
1271 1.408163265308272 -0.06896551724128458 0
1272 1.40816326530833 -0.03448275862064462 0
1273 1.489795918368098 -0.965517241379213 0
1274 1.489795918368169 -0.9310344827584259 0
1275 1.489795918368239 -0.896551724137639 0
1276 1.489795918368309 -0.8620689655168695 0
1277 1.48979591836838 -0.8275862068961292 0
1278 1.489795918368449 -0.7931034482753889 0
1279 1.48979591836852 -0.7586206896546491 0
1280 1.48979591836859 -0.7241379310339087 0
1281 1.48979591836866 -0.6896551724131686 0
1282 1.489795918368731 -0.6551724137924283 0
1283 1.489795918368801 -0.6206896551716882 0
1284 1.489795918368871 -0.5862068965509479 0
1285 1.489795918368942 -0.5517241379302078 0
1286 1.489795918369012 -0.5172413793094675 0
1287 1.489795918369082 -0.4827586206887881 0
1288 1.489795918369152 -0.4482758620681692 0
1289 1.489795918369223 -0.4137931034475503 0
1290 1.489795918369293 -0.3793103448269314 0
1291 1.489795918369364 -0.3448275862063124 0
1292 1.489795918369434 -0.3103448275856935 0
1293 1.489795918369504 -0.2758620689650747 0
1294 1.489795918369574 -0.2413793103444558 0
1295 1.489795918369645 -0.2068965517238368 0
1296 1.489795918369715 -0.1724137931032179 0
1297 1.489795918369786 -0.1379310344825991 0
1298 1.489795918369856 -0.1034482758619539 0
1299 1.489795918369926 -0.06896551724129324 0
1300 1.489795918369996 -0.03448275862064891 0
1301 1.571428571429448 -0.9655172413792119 0
1302 1.571428571429529 -0.9310344827584238 0
1303 1.571428571429612 -0.8965517241376355 0
1304 1.571428571429694 -0.8620689655168681 0
1305 1.571428571429776 -0.8275862068961348 0
1306 1.571428571429858 -0.7931034482754011 0
1307 1.57142857142994 -0.7586206896546677 0
1308 1.571428571430022 -0.7241379310339343 0
1309 1.571428571430104 -0.6896551724132006 0
1310 1.571428571430186 -0.6551724137924674 0
1311 1.571428571430268 -0.6206896551717341 0
1312 1.57142857143035 -0.5862068965510006 0
1313 1.571428571430432 -0.5517241379302671 0
1314 1.571428571430514 -0.5172413793095334 0
1315 1.571428571430596 -0.482758620688855 0
1316 1.571428571430678 -0.4482758620682312 0
1317 1.571428571430761 -0.4137931034476072 0
1318 1.571428571430843 -0.3793103448269833 0
1319 1.571428571430924 -0.3448275862063594 0
1320 1.571428571431007 -0.3103448275857354 0
1321 1.571428571431088 -0.2758620689651117 0
1322 1.57142857143117 -0.2413793103444878 0
1323 1.571428571431253 -0.2068965517238639 0
1324 1.571428571431335 -0.17241379310324 0
1325 1.571428571431417 -0.1379310344826161 0
1326 1.571428571431499 -0.1034482758619666 0
1327 1.571428571431581 -0.06896551724130193 0
1328 1.571428571431662 -0.0344827586206532 0
1329 1.653061224490798 -0.9655172413792109 0
1330 1.653061224490891 -0.9310344827584216 0
1331 1.653061224490985 -0.8965517241376324 0
1332 1.653061224491079 -0.8620689655168667 0
1333 1.653061224491173 -0.82758620689614 0
1334 1.653061224491266 -0.7931034482754133 0
1335 1.653061224491359 -0.7586206896546865 0
1336 1.653061224491454 -0.7241379310339597 0
1337 1.653061224491547 -0.6896551724132332 0
1338 1.653061224491641 -0.6551724137925065 0
1339 1.653061224491735 -0.6206896551717799 0
1340 1.653061224491829 -0.586206896551053 0
1341 1.653061224491922 -0.5517241379303264 0
1342 1.653061224492016 -0.5172413793095996 0
1343 1.65306122449211 -0.4827586206889219 0
1344 1.653061224492204 -0.448275862068293 0
1345 1.653061224492297 -0.4137931034476642 0
1346 1.653061224492391 -0.3793103448270354 0
1347 1.653061224492485 -0.3448275862064063 0
1348 1.653061224492579 -0.3103448275857774 0
1349 1.653061224492673 -0.2758620689651486 0
1350 1.653061224492766 -0.2413793103445198 0
1351 1.65306122449286 -0.2068965517238909 0
1352 1.653061224492953 -0.172413793103262 0
1353 1.653061224493048 -0.1379310344826332 0
1354 1.653061224493142 -0.1034482758619793 0
1355 1.653061224493235 -0.06896551724131061 0
1356 1.653061224493329 -0.03448275862065747 0
1357 1.734693877552146 -0.9655172413792099 0
1358 1.734693877552253 -0.9310344827584195 0
1359 1.734693877552357 -0.8965517241376291 0
1360 1.734693877552463 -0.8620689655168654 0
1361 1.734693877552569 -0.8275862068961453 0
1362 1.734693877552674 -0.7931034482754253 0
1363 1.73469387755278 -0.7586206896547054 0
1364 1.734693877552885 -0.7241379310339854 0
1365 1.734693877552991 -0.6896551724132655 0
1366 1.734693877553096 -0.6551724137925454 0
1367 1.734693877553201 -0.6206896551718255 0
1368 1.734693877553307 -0.5862068965511056 0
1369 1.734693877553412 -0.5517241379303857 0
1370 1.734693877553518 -0.5172413793096657 0
1371 1.734693877553624 -0.4827586206889887 0
1372 1.734693877553729 -0.4482758620683549 0
1373 1.734693877553835 -0.413793103447721 0
1374 1.73469387755394 -0.3793103448270873 0
1375 1.734693877554046 -0.3448275862064534 0
1376 1.73469387755415 -0.3103448275858195 0
1377 1.734693877554256 -0.2758620689651857 0
1378 1.734693877554361 -0.2413793103445518 0
1379 1.734693877554468 -0.206896551723918 0
1380 1.734693877554573 -0.1724137931032841 0
1381 1.734693877554678 -0.1379310344826503 0
1382 1.734693877554784 -0.103448275861992 0
1383 1.734693877554889 -0.06896551724131927 0
1384 1.734693877554994 -0.03448275862066177 0
1385 1.816326530613497 -0.9655172413792087 0
1386 1.816326530613614 -0.9310344827584173 0
1387 1.816326530613731 -0.896551724137626 0
1388 1.816326530613848 -0.8620689655168638 0
1389 1.816326530613966 -0.8275862068961508 0
1390 1.816326530614083 -0.7931034482754373 0
1391 1.8163265306142 -0.7586206896547244 0
1392 1.816326530614317 -0.7241379310340108 0
1393 1.816326530614435 -0.689655172413298 0
1394 1.816326530614552 -0.6551724137925847 0
1395 1.816326530614669 -0.6206896551718712 0
1396 1.816326530614786 -0.586206896551158 0
1397 1.816326530614904 -0.5517241379304447 0
1398 1.81632653061502 -0.5172413793097317 0
1399 1.816326530615137 -0.4827586206890557 0
1400 1.816326530615255 -0.4482758620684167 0
1401 1.816326530615372 -0.413793103447778 0
1402 1.816326530615489 -0.3793103448271393 0
1403 1.816326530615606 -0.3448275862065002 0
1404 1.816326530615723 -0.3103448275858615 0
1405 1.81632653061584 -0.2758620689652227 0
1406 1.816326530615958 -0.2413793103445838 0
1407 1.816326530616075 -0.2068965517239449 0
1408 1.816326530616192 -0.1724137931033062 0
1409 1.81632653061631 -0.1379310344826673 0
1410 1.816326530616427 -0.1034482758620047 0
1411 1.816326530616544 -0.06896551724132793 0
1412 1.816326530616661 -0.03448275862066605 0
1413 1.897959183674846 -0.9655172413792077 0
1414 1.897959183674976 -0.9310344827584153 0
1415 1.897959183675104 -0.8965517241376226 0
1416 1.897959183675233 -0.8620689655168625 0
1417 1.897959183675362 -0.827586206896156 0
1418 1.897959183675491 -0.7931034482754495 0
1419 1.89795918367562 -0.7586206896547432 0
1420 1.897959183675749 -0.7241379310340366 0
1421 1.897959183675878 -0.6896551724133303 0
1422 1.897959183676007 -0.6551724137926237 0
1423 1.897959183676135 -0.6206896551719172 0
1424 1.897959183676265 -0.5862068965512108 0
1425 1.897959183676393 -0.5517241379305042 0
1426 1.897959183676522 -0.5172413793097976 0
1427 1.897959183676651 -0.4827586206891226 0
1428 1.89795918367678 -0.4482758620684787 0
1429 1.897959183676909 -0.4137931034478349 0
1430 1.897959183677038 -0.3793103448271912 0
1431 1.897959183677167 -0.3448275862065472 0
1432 1.897959183677295 -0.3103448275859034 0
1433 1.897959183677425 -0.2758620689652597 0
1434 1.897959183677553 -0.2413793103446158 0
1435 1.897959183677682 -0.206896551723972 0
1436 1.897959183677811 -0.1724137931033282 0
1437 1.89795918367794 -0.1379310344826844 0
1438 1.897959183678069 -0.1034482758620174 0
1439 1.897959183678198 -0.06896551724133665 0
1440 1.897959183678327 -0.03448275862067035 0
1441 1.979591836736182 -0.9655172413792066 0
1442 1.979591836736323 -0.9310344827584131 0
1443 1.979591836736464 -0.8965517241376194 0
1444 1.979591836736605 -0.8620689655168612 0
1445 1.979591836736746 -0.8275862068961612 0
1446 1.979591836736888 -0.7931034482754618 0
1447 1.979591836737028 -0.758620689654762 0
1448 1.979591836737169 -0.7241379310340623 0
1449 1.979591836737311 -0.6896551724133625 0
1450 1.979591836737452 -0.6551724137926628 0
1451 1.979591836737593 -0.620689655171963 0
1452 1.979591836737734 -0.5862068965512632 0
1453 1.979591836737875 -0.5517241379305635 0
1454 1.979591836738017 -0.5172413793098638 0
1455 1.979591836738158 -0.4827586206891895 0
1456 1.979591836738299 -0.4482758620685406 0
1457 1.97959183673844 -0.4137931034478919 0
1458 1.979591836738582 -0.3793103448272431 0
1459 1.979591836738722 -0.3448275862065941 0
1460 1.979591836738864 -0.3103448275859455 0
1461 1.979591836739005 -0.2758620689652966 0
1462 1.979591836739146 -0.2413793103446479 0
1463 1.979591836739286 -0.206896551723999 0
1464 1.979591836739428 -0.1724137931033503 0
1465 1.979591836739569 -0.1379310344827014 0
1466 1.979591836739711 -0.1034482758620301 0
1467 1.979591836739852 -0.06896551724134531 0
1468 1.979591836739993 -0.03448275862067463 0
1469 2.061224489797217 -0.9655172413792054 0
1470 2.061224489797382 -0.9310344827584108 0
1471 2.061224489797545 -0.8965517241376162 0
1472 2.06122448979771 -0.8620689655168601 0
1473 2.061224489797873 -0.8275862068961668 0
1474 2.061224489798037 -0.7931034482754737 0
1475 2.061224489798202 -0.7586206896547809 0
1476 2.061224489798366 -0.7241379310340877 0
1477 2.061224489798529 -0.6896551724133946 0
1478 2.061224489798694 -0.6551724137927019 0
1479 2.061224489798858 -0.6206896551720089 0
1480 2.061224489799022 -0.5862068965513156 0
1481 2.061224489799186 -0.5517241379306228 0
1482 2.061224489799351 -0.5172413793099297 0
1483 2.061224489799514 -0.4827586206892565 0
1484 2.061224489799678 -0.4482758620686026 0
1485 2.061224489799842 -0.4137931034479488 0
1486 2.061224489800006 -0.3793103448272951 0
1487 2.061224489800171 -0.3448275862066412 0
1488 2.061224489800334 -0.3103448275859875 0
1489 2.061224489800499 -0.2758620689653337 0
1490 2.061224489800663 -0.2413793103446799 0
1491 2.061224489800826 -0.2068965517240261 0
1492 2.061224489800991 -0.1724137931033723 0
1493 2.061224489801155 -0.1379310344827185 0
1494 2.061224489801319 -0.1034482758620428 0
1495 2.061224489801483 -0.068965517241354 0
1496 2.061224489801647 -0.03448275862067893 0
1497 2.14285714285813 -0.9655172413792044 0
1498 2.142857142858321 -0.9310344827584087 0
1499 2.142857142858513 -0.8965517241376131 0
1500 2.142857142858704 -0.8620689655168585 0
1501 2.142857142858896 -0.827586206896172 0
1502 2.142857142859087 -0.793103448275486 0
1503 2.142857142859278 -0.7586206896547998 0
1504 2.14285714285947 -0.7241379310341134 0
1505 2.14285714285966 -0.6896551724134271 0
1506 2.142857142859852 -0.6551724137927409 0
1507 2.142857142860044 -0.6206896551720547 0
1508 2.142857142860235 -0.5862068965513685 0
1509 2.142857142860427 -0.5517241379306821 0
1510 2.142857142860618 -0.5172413793099957 0
1511 2.14285714286081 -0.4827586206893233 0
1512 2.142857142861001 -0.4482758620686644 0
1513 2.142857142861192 -0.4137931034480057 0
1514 2.142857142861383 -0.3793103448273469 0
1515 2.142857142861575 -0.3448275862066881 0
1516 2.142857142861766 -0.3103448275860294 0
1517 2.142857142861958 -0.2758620689653706 0
1518 2.142857142862149 -0.2413793103447119 0
1519 2.142857142862341 -0.2068965517240531 0
1520 2.142857142862533 -0.1724137931033943 0
1521 2.142857142862724 -0.1379310344827356 0
1522 2.142857142862916 -0.1034482758620555 0
1523 2.142857142863106 -0.06896551724136268 0
1524 2.142857142863298 -0.0344827586206832 0
1525 2.224489795919042 -0.9655172413792033 0
1526 2.224489795919261 -0.9310344827584065 0
1527 2.224489795919479 -0.8965517241376098 0
1528 2.224489795919698 -0.8620689655168572 0
1529 2.224489795919916 -0.8275862068961776 0
1530 2.224489795920136 -0.7931034482754979 0
1531 2.224489795920354 -0.7586206896548187 0
1532 2.224489795920573 -0.7241379310341389 0
1533 2.224489795920792 -0.6896551724134595 0
1534 2.22448979592101 -0.65517241379278 0
1535 2.22448979592123 -0.6206896551721004 0
1536 2.224489795921448 -0.5862068965514209 0
1537 2.224489795921667 -0.5517241379307414 0
1538 2.224489795921885 -0.5172413793100616 0
1539 2.224489795922105 -0.4827586206893901 0
1540 2.224489795922323 -0.4482758620687263 0
1541 2.224489795922543 -0.4137931034480627 0
1542 2.224489795922761 -0.3793103448273989 0
1543 2.22448979592298 -0.344827586206735 0
1544 2.224489795923198 -0.3103448275860714 0
1545 2.224489795923417 -0.2758620689654077 0
1546 2.224489795923636 -0.2413793103447439 0
1547 2.224489795923855 -0.2068965517240801 0
1548 2.224489795924073 -0.1724137931034164 0
1549 2.224489795924292 -0.1379310344827526 0
1550 2.224489795924511 -0.1034482758620681 0
1551 2.22448979592473 -0.06896551724137134 0
1552 2.22448979592495 -0.03448275862068749 0
1553 2.306122448979955 -0.9655172413792023 0
1554 2.3061224489802 -0.9310344827584047 0
1555 2.306122448980447 -0.8965517241376066 0
1556 2.306122448980692 -0.8620689655168556 0
1557 2.306122448980939 -0.8275862068961828 0
1558 2.306122448981185 -0.7931034482755102 0
1559 2.306122448981431 -0.7586206896548373 0
1560 2.306122448981676 -0.7241379310341645 0
1561 2.306122448981923 -0.6896551724134917 0
1562 2.306122448982169 -0.6551724137928191 0
1563 2.306122448982415 -0.6206896551721461 0
1564 2.306122448982661 -0.5862068965514733 0
1565 2.306122448982908 -0.5517241379308004 0
1566 2.306122448983154 -0.5172413793101276 0
1567 2.3061224489834 -0.482758620689457 0
1568 2.306122448983646 -0.4482758620687882 0
1569 2.306122448983891 -0.4137931034481196 0
1570 2.306122448984138 -0.3793103448274509 0
1571 2.306122448984384 -0.344827586206782 0
1572 2.306122448984631 -0.3103448275861134 0
1573 2.306122448984876 -0.2758620689654446 0
1574 2.306122448985123 -0.2413793103447759 0
1575 2.306122448985368 -0.2068965517241072 0
1576 2.306122448985615 -0.1724137931034384 0
1577 2.30612244898586 -0.1379310344827697 0
1578 2.306122448986107 -0.1034482758620808 0
1579 2.306122448986352 -0.06896551724138 0
1580 2.306122448986599 -0.03448275862069178 0
1581 2.387755102040865 -0.965517241379201 0
1582 2.387755102041139 -0.9310344827584023 0
1583 2.387755102041413 -0.8965517241376035 0
1584 2.387755102041687 -0.8620689655168543 0
1585 2.38775510204196 -0.8275862068961886 0
1586 2.387755102042234 -0.7931034482755224 0
1587 2.387755102042506 -0.7586206896548564 0
1588 2.387755102042781 -0.7241379310341902 0
1589 2.387755102043053 -0.6896551724135241 0
1590 2.387755102043327 -0.6551724137928582 0
1591 2.3877551020436 -0.6206896551721919 0
1592 2.387755102043875 -0.5862068965515259 0
1593 2.387755102044148 -0.5517241379308599 0
1594 2.387755102044421 -0.5172413793101938 0
1595 2.387755102044694 -0.482758620689524 0
1596 2.387755102044967 -0.4482758620688502 0
1597 2.387755102045242 -0.4137931034481764 0
1598 2.387755102045515 -0.3793103448275028 0
1599 2.387755102045788 -0.3448275862068291 0
1600 2.387755102046061 -0.3103448275861553 0
1601 2.387755102046335 -0.2758620689654816 0
1602 2.387755102046608 -0.241379310344808 0
1603 2.387755102046882 -0.2068965517241342 0
1604 2.387755102047155 -0.1724137931034604 0
1605 2.387755102047429 -0.1379310344827868 0
1606 2.387755102047703 -0.1034482758620935 0
1607 2.387755102047976 -0.06896551724138869 0
1608 2.38775510204825 -0.03448275862069607 0
1609 2.469387755101778 -0.9655172413792001 0
1610 2.469387755102078 -0.9310344827584001 0
1611 2.469387755102379 -0.8965517241376003 0
1612 2.469387755102679 -0.862068965516853 0
1613 2.469387755102981 -0.8275862068961937 0
1614 2.469387755103281 -0.7931034482755344 0
1615 2.469387755103583 -0.7586206896548751 0
1616 2.469387755103883 -0.7241379310342158 0
1617 2.469387755104184 -0.6896551724135563 0
1618 2.469387755104484 -0.6551724137928973 0
1619 2.469387755104785 -0.6206896551722378 0
1620 2.469387755105087 -0.5862068965515785 0
1621 2.469387755105387 -0.5517241379309192 0
1622 2.469387755105688 -0.5172413793102597 0
1623 2.46938775510599 -0.4827586206895909 0
1624 2.46938775510629 -0.4482758620689121 0
1625 2.469387755106591 -0.4137931034482334 0
1626 2.469387755106891 -0.3793103448275548 0
1627 2.469387755107193 -0.3448275862068759 0
1628 2.469387755107493 -0.3103448275861973 0
1629 2.469387755107795 -0.2758620689655187 0
1630 2.469387755108094 -0.2413793103448399 0
1631 2.469387755108395 -0.2068965517241612 0
1632 2.469387755108697 -0.1724137931034825 0
1633 2.469387755108997 -0.1379310344828038 0
1634 2.469387755109298 -0.1034482758621062 0
1635 2.469387755109599 -0.06896551724139738 0
1636 2.469387755109899 -0.03448275862070035 0
1637 2.551020408162689 -0.965517241379199 0
1638 2.551020408163019 -0.931034482758398 0
1639 2.551020408163346 -0.8965517241375968 0
1640 2.551020408163674 -0.8620689655168516 0
1641 2.551020408164002 -0.8275862068961992 0
1642 2.551020408164331 -0.7931034482755466 0
1643 2.551020408164659 -0.7586206896548939 0
1644 2.551020408164987 -0.7241379310342413 0
1645 2.551020408165315 -0.6896551724135888 0
1646 2.551020408165642 -0.6551724137929361 0
1647 2.551020408165971 -0.6206896551722836 0
1648 2.551020408166299 -0.5862068965516309 0
1649 2.551020408166628 -0.5517241379309785 0
1650 2.551020408166956 -0.5172413793103257 0
1651 2.551020408167283 -0.4827586206896577 0
1652 2.551020408167612 -0.448275862068974 0
1653 2.551020408167941 -0.4137931034482904 0
1654 2.551020408168269 -0.3793103448276066 0
1655 2.551020408168597 -0.3448275862069229 0
1656 2.551020408168925 -0.3103448275862393 0
1657 2.551020408169252 -0.2758620689655557 0
1658 2.551020408169582 -0.241379310344872 0
1659 2.551020408169909 -0.2068965517241882 0
1660 2.551020408170237 -0.1724137931035045 0
1661 2.551020408170566 -0.1379310344828208 0
1662 2.551020408170894 -0.1034482758621189 0
1663 2.551020408171222 -0.06896551724140604 0
1664 2.55102040817155 -0.03448275862070464 0
1665 2.632653061223602 -0.9655172413791979 0
1666 2.632653061223957 -0.9310344827583957 0
1667 2.632653061224313 -0.8965517241375938 0
1668 2.632653061224668 -0.8620689655168503 0
1669 2.632653061225023 -0.8275862068962045 0
1670 2.63265306122538 -0.7931034482755586 0
1671 2.632653061225733 -0.7586206896549128 0
1672 2.632653061226091 -0.724137931034267 0
1673 2.632653061226446 -0.6896551724136213 0
1674 2.632653061226801 -0.6551724137929755 0
1675 2.632653061227157 -0.6206896551723293 0
1676 2.632653061227512 -0.5862068965516836 0
1677 2.632653061227868 -0.5517241379310376 0
1678 2.632653061228223 -0.5172413793103918 0
1679 2.632653061228578 -0.4827586206897247 0
1680 2.632653061228935 -0.4482758620690359 0
1681 2.63265306122929 -0.4137931034483472 0
1682 2.632653061229645 -0.3793103448276586 0
1683 2.632653061230001 -0.3448275862069698 0
1684 2.632653061230355 -0.3103448275862812 0
1685 2.632653061230712 -0.2758620689655926 0
1686 2.632653061231067 -0.241379310344904 0
1687 2.632653061231423 -0.2068965517242153 0
1688 2.632653061231778 -0.1724137931035266 0
1689 2.632653061232133 -0.1379310344828379 0
1690 2.632653061232489 -0.1034482758621316 0
1691 2.632653061232844 -0.0689655172414147 0
1692 2.6326530612332 -0.03448275862070893 0
1693 2.714285714284514 -0.9655172413791968 0
1694 2.714285714284897 -0.9310344827583937 0
1695 2.714285714285279 -0.8965517241375905 0
1696 2.714285714285663 -0.862068965516849 0
1697 2.714285714286045 -0.8275862068962098 0
1698 2.714285714286428 -0.7931034482755708 0
1699 2.71428571428681 -0.7586206896549317 0
1700 2.714285714287193 -0.7241379310342926 0
1701 2.714285714287576 -0.6896551724136536 0
1702 2.714285714287959 -0.6551724137930143 0
1703 2.714285714288343 -0.6206896551723753 0
1704 2.714285714288726 -0.5862068965517362 0
1705 2.714285714289108 -0.5517241379310971 0
1706 2.71428571428949 -0.517241379310458 0
1707 2.714285714289873 -0.4827586206897916 0
1708 2.714285714290257 -0.4482758620690979 0
1709 2.71428571429064 -0.4137931034484043 0
1710 2.714285714291023 -0.3793103448277105 0
1711 2.714285714291405 -0.3448275862070168 0
1712 2.714285714291788 -0.3103448275863232 0
1713 2.714285714292171 -0.2758620689656297 0
1714 2.714285714292554 -0.241379310344936 0
1715 2.714285714292937 -0.2068965517242423 0
1716 2.714285714293319 -0.1724137931035487 0
1717 2.714285714293703 -0.137931034482855 0
1718 2.714285714294085 -0.1034482758621443 0
1719 2.714285714294468 -0.06896551724142341 0
1720 2.714285714294851 -0.03448275862071322 0
1721 2.795918367345426 -0.9655172413791957 0
1722 2.795918367345836 -0.9310344827583917 0
1723 2.795918367346247 -0.8965517241375874 0
1724 2.795918367346656 -0.8620689655168476 0
1725 2.795918367347067 -0.8275862068962151 0
1726 2.795918367347478 -0.7931034482755828 0
1727 2.795918367347887 -0.7586206896549506 0
1728 2.795918367348297 -0.7241379310343181 0
1729 2.795918367348708 -0.6896551724136858 0
1730 2.795918367349117 -0.6551724137930536 0
1731 2.795918367349528 -0.620689655172421 0
1732 2.795918367349938 -0.5862068965517886 0
1733 2.795918367350349 -0.5517241379311562 0
1734 2.795918367350759 -0.5172413793105237 0
1735 2.795918367351169 -0.4827586206898584 0
1736 2.795918367351579 -0.4482758620691597 0
1737 2.795918367351989 -0.4137931034484611 0
1738 2.7959183673524 -0.3793103448277625 0
1739 2.79591836735281 -0.3448275862070638 0
1740 2.79591836735322 -0.3103448275863652 0
1741 2.79591836735363 -0.2758620689656667 0
1742 2.79591836735404 -0.241379310344968 0
1743 2.795918367354451 -0.2068965517242694 0
1744 2.795918367354862 -0.1724137931035707 0
1745 2.795918367355271 -0.1379310344828721 0
1746 2.795918367355681 -0.103448275862157 0
1747 2.795918367356091 -0.06896551724143207 0
1748 2.795918367356502 -0.03448275862071751 0
1749 2.877551020406338 -0.9655172413791948 0
1750 2.877551020406776 -0.9310344827583894 0
1751 2.877551020407213 -0.896551724137584 0
1752 2.87755102040765 -0.8620689655168463 0
1753 2.877551020408089 -0.8275862068962206 0
1754 2.877551020408526 -0.793103448275595 0
1755 2.877551020408964 -0.7586206896549694 0
1756 2.877551020409402 -0.7241379310343439 0
1757 2.877551020409839 -0.689655172413718 0
1758 2.877551020410277 -0.6551724137930927 0
1759 2.877551020410714 -0.6206896551724668 0
1760 2.877551020411151 -0.5862068965518412 0
1761 2.877551020411589 -0.5517241379312157 0
1762 2.877551020412027 -0.5172413793105899 0
1763 2.877551020412465 -0.4827586206899254 0
1764 2.877551020412902 -0.4482758620692217 0
1765 2.87755102041334 -0.4137931034485182 0
1766 2.877551020413776 -0.3793103448278144 0
1767 2.877551020414215 -0.3448275862071108 0
1768 2.877551020414652 -0.3103448275864071 0
1769 2.877551020415089 -0.2758620689657036 0
1770 2.877551020415527 -0.241379310345 0
1771 2.877551020415964 -0.2068965517242964 0
1772 2.877551020416401 -0.1724137931035927 0
1773 2.87755102041684 -0.1379310344828891 0
1774 2.877551020417277 -0.1034482758621697 0
1775 2.877551020417715 -0.06896551724144076 0
1776 2.877551020418152 -0.0344827586207218 0
1777 2.95918367346725 -0.9655172413791935 0
1778 2.959183673467714 -0.9310344827583874 0
1779 2.95918367346818 -0.8965517241375809 0
1780 2.959183673468645 -0.8620689655168448 0
1781 2.959183673469109 -0.8275862068962259 0
1782 2.959183673469574 -0.793103448275607 0
1783 2.959183673470039 -0.7586206896549883 0
1784 2.959183673470504 -0.7241379310343692 0
1785 2.95918367347097 -0.6896551724137505 0
1786 2.959183673471434 -0.6551724137931315 0
1787 2.959183673471899 -0.6206896551725125 0
1788 2.959183673472365 -0.5862068965518938 0
1789 2.959183673472829 -0.5517241379312747 0
1790 2.959183673473293 -0.5172413793106558 0
1791 2.959183673473758 -0.4827586206899922 0
1792 2.959183673474224 -0.4482758620692836 0
1793 2.959183673474688 -0.413793103448575 0
1794 2.959183673475153 -0.3793103448278664 0
1795 2.959183673475618 -0.3448275862071577 0
1796 2.959183673476084 -0.3103448275864491 0
1797 2.959183673476548 -0.2758620689657406 0
1798 2.959183673477014 -0.241379310345032 0
1799 2.959183673477478 -0.2068965517243234 0
1800 2.959183673477942 -0.1724137931036148 0
1801 2.959183673478408 -0.1379310344829062 0
1802 2.959183673478873 -0.1034482758621824 0
1803 2.959183673479337 -0.06896551724144942 0
1804 2.959183673479802 -0.03448275862072608 0
1805 3.040816326528584 -0.9655172413791926 0
1806 3.040816326529043 -0.9310344827583851 0
1807 3.040816326529506 -0.8965517241375777 0
1808 3.040816326529967 -0.8620689655168434 0
1809 3.040816326530426 -0.8275862068962313 0
1810 3.040816326530888 -0.7931034482756192 0
1811 3.040816326531349 -0.7586206896550072 0
1812 3.040816326531811 -0.7241379310343949 0
1813 3.040816326532271 -0.6896551724137828 0
1814 3.040816326532732 -0.6551724137931706 0
1815 3.040816326533193 -0.6206896551725585 0
1816 3.040816326533654 -0.5862068965519462 0
1817 3.040816326534115 -0.5517241379313342 0
1818 3.040816326534577 -0.517241379310722 0
1819 3.040816326535038 -0.4827586206900591 0
1820 3.040816326535499 -0.4482758620693454 0
1821 3.040816326535959 -0.4137931034486318 0
1822 3.040816326536421 -0.3793103448279184 0
1823 3.040816326536881 -0.3448275862072047 0
1824 3.040816326537341 -0.3103448275864911 0
1825 3.040816326537803 -0.2758620689657776 0
1826 3.040816326538264 -0.241379310345064 0
1827 3.040816326538725 -0.2068965517243504 0
1828 3.040816326539186 -0.1724137931036368 0
1829 3.040816326539648 -0.1379310344829233 0
1830 3.040816326540108 -0.103448275862195 0
1831 3.04081632654057 -0.06896551724145811 0
1832 3.04081632654103 -0.03448275862073037 0
1833 3.122448979590339 -0.9655172413791915 0
1834 3.122448979590764 -0.9310344827583829 0
1835 3.12244897959119 -0.8965517241375746 0
1836 3.122448979591615 -0.8620689655168421 0
1837 3.122448979592042 -0.8275862068962369 0
1838 3.122448979592468 -0.7931034482756314 0
1839 3.122448979592894 -0.758620689655026 0
1840 3.122448979593321 -0.7241379310344205 0
1841 3.122448979593745 -0.6896551724138152 0
1842 3.122448979594171 -0.6551724137932095 0
1843 3.122448979594597 -0.6206896551726042 0
1844 3.122448979595023 -0.5862068965519986 0
1845 3.12244897959545 -0.5517241379313933 0
1846 3.122448979595875 -0.517241379310788 0
1847 3.1224489795963 -0.482758620690126 0
1848 3.122448979596727 -0.4482758620694074 0
1849 3.122448979597153 -0.4137931034486889 0
1850 3.122448979597579 -0.3793103448279703 0
1851 3.122448979598005 -0.3448275862072516 0
1852 3.12244897959843 -0.3103448275865331 0
1853 3.122448979598856 -0.2758620689658147 0
1854 3.122448979599282 -0.2413793103450961 0
1855 3.122448979599709 -0.2068965517243774 0
1856 3.122448979600133 -0.1724137931036589 0
1857 3.122448979600559 -0.1379310344829403 0
1858 3.122448979600985 -0.1034482758622077 0
1859 3.122448979601411 -0.06896551724146677 0
1860 3.122448979601836 -0.03448275862073466 0
1861 3.204081632652095 -0.9655172413791904 0
1862 3.204081632652484 -0.9310344827583809 0
1863 3.204081632652876 -0.896551724137571 0
1864 3.204081632653267 -0.8620689655168408 0
1865 3.204081632653658 -0.8275862068962422 0
1866 3.204081632654049 -0.7931034482756434 0
1867 3.204081632654439 -0.7586206896550447 0
1868 3.204081632654829 -0.724137931034446 0
1869 3.204081632655219 -0.6896551724138474 0
1870 3.204081632655611 -0.6551724137932485 0
1871 3.204081632656001 -0.6206896551726502 0
1872 3.204081632656391 -0.5862068965520513 0
1873 3.204081632656782 -0.5517241379314528 0
1874 3.204081632657173 -0.5172413793108539 0
1875 3.204081632657564 -0.4827586206901928 0
1876 3.204081632657955 -0.4482758620694692 0
1877 3.204081632658346 -0.4137931034487458 0
1878 3.204081632658736 -0.3793103448280223 0
1879 3.204081632659127 -0.3448275862072986 0
1880 3.204081632659518 -0.3103448275865751 0
1881 3.204081632659908 -0.2758620689658516 0
1882 3.204081632660299 -0.2413793103451281 0
1883 3.20408163266069 -0.2068965517244045 0
1884 3.20408163266108 -0.1724137931036809 0
1885 3.20408163266147 -0.1379310344829574 0
1886 3.204081632661862 -0.1034482758622204 0
1887 3.204081632662252 -0.06896551724147545 0
1888 3.204081632662643 -0.03448275862073895 0
1889 3.28571428571385 -0.9655172413791895 0
1890 3.285714285714206 -0.9310344827583789 0
1891 3.285714285714561 -0.8965517241375679 0
1892 3.285714285714917 -0.8620689655168394 0
1893 3.285714285715272 -0.8275862068962475 0
1894 3.285714285715628 -0.7931034482756556 0
1895 3.285714285715982 -0.7586206896550638 0
1896 3.285714285716339 -0.7241379310344718 0
1897 3.285714285716695 -0.6896551724138796 0
1898 3.28571428571705 -0.6551724137932876 0
1899 3.285714285717406 -0.6206896551726959 0
1900 3.28571428571776 -0.5862068965521039 0
1901 3.285714285718116 -0.5517241379315119 0
1902 3.285714285718472 -0.5172413793109198 0
1903 3.285714285718827 -0.4827586206902598 0
1904 3.285714285719184 -0.4482758620695312 0
1905 3.285714285719539 -0.4137931034488027 0
1906 3.285714285719894 -0.3793103448280742 0
1907 3.28571428572025 -0.3448275862073455 0
1908 3.285714285720605 -0.3103448275866171 0
1909 3.285714285720961 -0.2758620689658886 0
1910 3.285714285721316 -0.2413793103451601 0
1911 3.285714285721672 -0.2068965517244315 0
1912 3.285714285722028 -0.172413793103703 0
1913 3.285714285722383 -0.1379310344829744 0
1914 3.285714285722738 -0.1034482758622331 0
1915 3.285714285723093 -0.06896551724148414 0
1916 3.285714285723449 -0.03448275862074324 0
1917 3.367346938775606 -0.9655172413791882 0
1918 3.367346938775926 -0.9310344827583766 0
1919 3.367346938776246 -0.8965517241375649 0
1920 3.367346938776567 -0.8620689655168381 0
1921 3.367346938776887 -0.8275862068962528 0
1922 3.367346938777208 -0.7931034482756676 0
1923 3.367346938777529 -0.7586206896550824 0
1924 3.367346938777848 -0.7241379310344973 0
1925 3.367346938778169 -0.6896551724139121 0
1926 3.367346938778489 -0.6551724137933267 0
1927 3.367346938778809 -0.6206896551727417 0
1928 3.367346938779129 -0.5862068965521563 0
1929 3.36734693877945 -0.5517241379315714 0
1930 3.367346938779771 -0.517241379310986 0
1931 3.367346938780091 -0.4827586206903267 0
1932 3.36734693878041 -0.4482758620695931 0
1933 3.367346938780732 -0.4137931034488597 0
1934 3.367346938781052 -0.3793103448281262 0
1935 3.367346938781373 -0.3448275862073925 0
1936 3.367346938781693 -0.310344827586659 0
1937 3.367346938782013 -0.2758620689659256 0
1938 3.367346938782332 -0.2413793103451921 0
1939 3.367346938782653 -0.2068965517244585 0
1940 3.367346938782974 -0.172413793103725 0
1941 3.367346938783295 -0.1379310344829915 0
1942 3.367346938783615 -0.1034482758622458 0
1943 3.367346938783934 -0.0689655172414928 0
1944 3.367346938784255 -0.03448275862074753 0
1945 3.448979591837362 -0.9655172413791873 0
1946 3.448979591837646 -0.9310344827583743 0
1947 3.448979591837931 -0.8965517241375615 0
1948 3.448979591838218 -0.8620689655168365 0
1949 3.448979591838502 -0.8275862068962582 0
1950 3.448979591838787 -0.7931034482756798 0
1951 3.448979591839072 -0.7586206896551013 0
1952 3.448979591839358 -0.7241379310345228 0
1953 3.448979591839643 -0.6896551724139445 0
1954 3.448979591839928 -0.6551724137933658 0
1955 3.448979591840213 -0.6206896551727874 0
1956 3.448979591840498 -0.5862068965522089 0
1957 3.448979591840784 -0.5517241379316304 0
1958 3.448979591841069 -0.5172413793110522 0
1959 3.448979591841354 -0.4827586206903935 0
1960 3.448979591841639 -0.4482758620696551 0
1961 3.448979591841924 -0.4137931034489165 0
1962 3.448979591842211 -0.379310344828178 0
1963 3.448979591842495 -0.3448275862074395 0
1964 3.448979591842781 -0.310344827586701 0
1965 3.448979591843065 -0.2758620689659625 0
1966 3.448979591843351 -0.2413793103452241 0
1967 3.448979591843637 -0.2068965517244856 0
1968 3.448979591843921 -0.172413793103747 0
1969 3.448979591844207 -0.1379310344830086 0
1970 3.448979591844492 -0.1034482758622585 0
1971 3.448979591844777 -0.06896551724150149 0
1972 3.448979591845062 -0.03448275862075181 0
1973 3.530612244899117 -0.9655172413791862 0
1974 3.530612244899367 -0.9310344827583722 0
1975 3.530612244899617 -0.8965517241375582 0
1976 3.530612244899867 -0.8620689655168352 0
1977 3.530612244900117 -0.8275862068962635 0
1978 3.530612244900367 -0.7931034482756918 0
1979 3.530612244900617 -0.7586206896551202 0
1980 3.530612244900866 -0.7241379310345484 0
1981 3.530612244901116 -0.6896551724139769 0
1982 3.530612244901367 -0.6551724137934049 0
1983 3.530612244901617 -0.6206896551728334 0
1984 3.530612244901867 -0.5862068965522615 0
1985 3.530612244902117 -0.55172413793169 0
1986 3.530612244902367 -0.5172413793111179 0
1987 3.530612244902618 -0.4827586206904604 0
1988 3.530612244902867 -0.4482758620697169 0
1989 3.530612244903118 -0.4137931034489735 0
1990 3.530612244903368 -0.37931034482823 0
1991 3.530612244903617 -0.3448275862074864 0
1992 3.530612244903867 -0.310344827586743 0
1993 3.530612244904118 -0.2758620689659996 0
1994 3.530612244904368 -0.2413793103452561 0
1995 3.530612244904617 -0.2068965517245126 0
1996 3.530612244904868 -0.1724137931037691 0
1997 3.530612244905118 -0.1379310344830256 0
1998 3.530612244905368 -0.1034482758622712 0
1999 3.530612244905619 -0.06896551724151018 0
2000 3.530612244905868 -0.0344827586207561 0
2001 3.612244897960872 -0.965517241379185 0
2002 3.612244897961087 -0.9310344827583699 0
2003 3.612244897961302 -0.8965517241375549 0
2004 3.612244897961516 -0.8620689655168339 0
2005 3.612244897961731 -0.8275862068962687 0
2006 3.612244897961947 -0.793103448275704 0
2007 3.612244897962162 -0.7586206896551391 0
2008 3.612244897962376 -0.7241379310345741 0
2009 3.612244897962591 -0.6896551724140091 0
2010 3.612244897962805 -0.6551724137934439 0
2011 3.612244897963022 -0.6206896551728791 0
2012 3.612244897963237 -0.5862068965523139 0
2013 3.612244897963452 -0.551724137931749 0
2014 3.612244897963666 -0.5172413793111841 0
2015 3.612244897963881 -0.4827586206905273 0
2016 3.612244897964096 -0.4482758620697789 0
2017 3.61224489796431 -0.4137931034490304 0
2018 3.612244897964525 -0.379310344828282 0
2019 3.61224489796474 -0.3448275862075334 0
2020 3.612244897964955 -0.3103448275867849 0
2021 3.61224489796517 -0.2758620689660366 0
2022 3.612244897965386 -0.2413793103452881 0
2023 3.612244897965601 -0.2068965517245396 0
2024 3.612244897965815 -0.1724137931037911 0
2025 3.61224489796603 -0.1379310344830427 0
2026 3.612244897966245 -0.1034482758622839 0
2027 3.612244897966459 -0.06896551724151884 0
2028 3.612244897966675 -0.03448275862076039 0
2029 3.693877551022628 -0.9655172413791839 0
2030 3.693877551022807 -0.9310344827583676 0
2031 3.693877551022989 -0.8965517241375519 0
2032 3.693877551023167 -0.8620689655168325 0
2033 3.693877551023347 -0.8275862068962743 0
2034 3.693877551023526 -0.7931034482757162 0
2035 3.693877551023706 -0.7586206896551579 0
2036 3.693877551023886 -0.7241379310345997 0
2037 3.693877551024067 -0.6896551724140413 0
2038 3.693877551024246 -0.655172413793483 0
2039 3.693877551024425 -0.6206896551729248 0
2040 3.693877551024606 -0.5862068965523666 0
2041 3.693877551024786 -0.5517241379318083 0
2042 3.693877551024964 -0.51724137931125 0
2043 3.693877551025145 -0.4827586206905943 0
2044 3.693877551025324 -0.4482758620698407 0
2045 3.693877551025504 -0.4137931034490874 0
2046 3.693877551025684 -0.3793103448283339 0
2047 3.693877551025864 -0.3448275862075804 0
2048 3.693877551026043 -0.310344827586827 0
2049 3.693877551026223 -0.2758620689660736 0
2050 3.693877551026402 -0.2413793103453202 0
2051 3.693877551026583 -0.2068965517245667 0
2052 3.693877551026763 -0.1724137931038132 0
2053 3.693877551026942 -0.1379310344830598 0
2054 3.693877551027122 -0.1034482758622966 0
2055 3.693877551027302 -0.0689655172415275 0
2056 3.693877551027481 -0.03448275862076468 0
2057 3.775510204084382 -0.9655172413791828 0
2058 3.775510204084529 -0.9310344827583659 0
2059 3.775510204084673 -0.8965517241375485 0
2060 3.775510204084818 -0.8620689655168312 0
2061 3.775510204084962 -0.8275862068962796 0
2062 3.775510204085106 -0.7931034482757282 0
2063 3.775510204085251 -0.7586206896551768 0
2064 3.775510204085395 -0.7241379310346254 0
2065 3.77551020408554 -0.6896551724140737 0
2066 3.775510204085684 -0.6551724137935221 0
2067 3.775510204085829 -0.6206896551729708 0
2068 3.775510204085974 -0.5862068965524192 0
2069 3.775510204086118 -0.5517241379318676 0
2070 3.775510204086262 -0.517241379311316 0
2071 3.775510204086407 -0.4827586206906611 0
2072 3.775510204086553 -0.4482758620699027 0
2073 3.775510204086697 -0.4137931034491442 0
2074 3.77551020408684 -0.3793103448283859 0
2075 3.775510204086986 -0.3448275862076273 0
2076 3.77551020408713 -0.310344827586869 0
2077 3.775510204087276 -0.2758620689661107 0
2078 3.77551020408742 -0.2413793103453521 0
2079 3.775510204087564 -0.2068965517245936 0
2080 3.775510204087709 -0.1724137931038352 0
2081 3.775510204087853 -0.1379310344830769 0
2082 3.775510204087998 -0.1034482758623093 0
2083 3.775510204088143 -0.06896551724153618 0
2084 3.775510204088287 -0.03448275862076897 0
2085 3.857142857146139 -0.9655172413791817 0
2086 3.857142857146248 -0.9310344827583636 0
2087 3.857142857146357 -0.8965517241375452 0
2088 3.857142857146467 -0.8620689655168299 0
2089 3.857142857146576 -0.827586206896285 0
2090 3.857142857146685 -0.7931034482757404 0
2091 3.857142857146795 -0.7586206896551957 0
2092 3.857142857146904 -0.7241379310346507 0
2093 3.857142857147014 -0.6896551724141061 0
2094 3.857142857147123 -0.6551724137935612 0
2095 3.857142857147233 -0.6206896551730166 0
2096 3.857142857147342 -0.5862068965524716 0
2097 3.857142857147452 -0.5517241379319269 0
2098 3.857142857147561 -0.5172413793113821 0
2099 3.857142857147671 -0.4827586206907279 0
2100 3.857142857147781 -0.4482758620699646 0
2101 3.85714285714789 -0.4137931034492012 0
2102 3.857142857148 -0.3793103448284377 0
2103 3.857142857148108 -0.3448275862076743 0
2104 3.857142857148218 -0.310344827586911 0
2105 3.857142857148329 -0.2758620689661476 0
2106 3.857142857148437 -0.2413793103453842 0
2107 3.857142857148547 -0.2068965517246207 0
2108 3.857142857148655 -0.1724137931038573 0
2109 3.857142857148765 -0.1379310344830939 0
2110 3.857142857148876 -0.103448275862322 0
2111 3.857142857148983 -0.06896551724154487 0
2112 3.857142857149094 -0.03448275862077324 0
2113 3.938775510207894 -0.9655172413791808 0
2114 3.938775510207969 -0.9310344827583616 0
2115 3.938775510208043 -0.8965517241375421 0
2116 3.938775510208117 -0.8620689655168283 0
2117 3.938775510208192 -0.8275862068962906 0
2118 3.938775510208265 -0.7931034482757524 0
2119 3.93877551020834 -0.7586206896552146 0
2120 3.938775510208414 -0.7241379310346765 0
2121 3.938775510208488 -0.6896551724141385 0
2122 3.938775510208563 -0.6551724137936003 0
2123 3.938775510208637 -0.6206896551730623 0
2124 3.938775510208711 -0.5862068965525242 0
2125 3.938775510208786 -0.5517241379319862 0
2126 3.93877551020886 -0.5172413793114481 0
2127 3.938775510208934 -0.4827586206907949 0
2128 3.938775510209008 -0.4482758620700266 0
2129 3.938775510209082 -0.4137931034492581 0
2130 3.938775510209157 -0.3793103448284897 0
2131 3.938775510209232 -0.3448275862077212 0
2132 3.938775510209306 -0.3103448275869529 0
2133 3.93877551020938 -0.2758620689661846 0
2134 3.938775510209454 -0.2413793103454162 0
2135 3.938775510209529 -0.2068965517246477 0
2136 3.938775510209604 -0.1724137931038793 0
2137 3.938775510209677 -0.1379310344831109 0
2138 3.938775510209751 -0.1034482758623346 0
2139 3.938775510209826 -0.06896551724155353 0
2140 3.9387755102099 -0.03448275862077754 0
2141 4.020408163269402 -0.9655172413791797 0
2142 4.020408163269451 -0.9310344827583594 0
2143 4.020408163269498 -0.896551724137539 0
2144 4.020408163269546 -0.862068965516827 0
2145 4.020408163269594 -0.827586206896296 0
2146 4.020408163269642 -0.7931034482757646 0
2147 4.020408163269691 -0.7586206896552334 0
2148 4.020408163269738 -0.724137931034702 0
2149 4.020408163269786 -0.6896551724141708 0
2150 4.020408163269834 -0.6551724137936393 0
2151 4.020408163269882 -0.620689655173108 0
2152 4.020408163269929 -0.5862068965525769 0
2153 4.020408163269978 -0.5517241379320457 0
2154 4.020408163270026 -0.517241379311514 0
2155 4.020408163270074 -0.4827586206908618 0
2156 4.020408163270123 -0.4482758620700884 0
2157 4.02040816327017 -0.4137931034493151 0
2158 4.020408163270218 -0.3793103448285418 0
2159 4.020408163270266 -0.3448275862077682 0
2160 4.020408163270315 -0.3103448275869949 0
2161 4.020408163270361 -0.2758620689662216 0
2162 4.020408163270409 -0.2413793103454482 0
2163 4.020408163270457 -0.2068965517246747 0
2164 4.020408163270505 -0.1724137931039014 0
2165 4.020408163270553 -0.137931034483128 0
2166 4.020408163270603 -0.1034482758623473 0
2167 4.020408163270649 -0.06896551724156222 0
2168 4.020408163270697 -0.03448275862078182 0
2169 4.102040816330311 -0.9655172413791786 0
2170 4.102040816330355 -0.9310344827583572 0
2171 4.102040816330398 -0.8965517241375357 0
2172 4.10204081633044 -0.8620689655168257 0
2173 4.102040816330486 -0.8275862068963014 0
2174 4.102040816330527 -0.7931034482757766 0
2175 4.102040816330571 -0.7586206896552521 0
2176 4.102040816330613 -0.7241379310347276 0
2177 4.102040816330657 -0.6896551724142029 0
2178 4.102040816330701 -0.6551724137936784 0
2179 4.102040816330741 -0.620689655173154 0
2180 4.102040816330785 -0.5862068965526293 0
2181 4.102040816330829 -0.5517241379321047 0
2182 4.102040816330872 -0.5172413793115802 0
2183 4.102040816330915 -0.4827586206909287 0
2184 4.102040816330957 -0.4482758620701502 0
2185 4.102040816331 -0.4137931034493719 0
2186 4.102040816331044 -0.3793103448285936 0
2187 4.102040816331087 -0.3448275862078152 0
2188 4.102040816331129 -0.3103448275870369 0
2189 4.102040816331172 -0.2758620689662585 0
2190 4.102040816331217 -0.2413793103454802 0
2191 4.102040816331259 -0.2068965517247018 0
2192 4.102040816331302 -0.1724137931039234 0
2193 4.102040816331344 -0.1379310344831451 0
2194 4.102040816331387 -0.10344827586236 0
2195 4.102040816331431 -0.06896551724157091 0
2196 4.102040816331474 -0.03448275862078612 0
2197 4.183673469391193 -0.9655172413791775 0
2198 4.183673469391231 -0.9310344827583549 0
2199 4.183673469391272 -0.8965517241375324 0
2200 4.183673469391312 -0.8620689655168243 0
2201 4.18367346939135 -0.8275862068963066 0
2202 4.18367346939139 -0.7931034482757888 0
2203 4.183673469391427 -0.7586206896552712 0
2204 4.183673469391466 -0.7241379310347533 0
2205 4.183673469391507 -0.6896551724142354 0
2206 4.183673469391546 -0.6551724137937176 0
2207 4.183673469391585 -0.6206896551731997 0
2208 4.183673469391624 -0.5862068965526819 0
2209 4.183673469391664 -0.551724137932164 0
2210 4.183673469391702 -0.5172413793116464 0
2211 4.183673469391741 -0.4827586206909956 0
2212 4.18367346939178 -0.4482758620702122 0
2213 4.183673469391819 -0.413793103449429 0
2214 4.183673469391858 -0.3793103448286456 0
2215 4.183673469391898 -0.3448275862078621 0
2216 4.183673469391937 -0.3103448275870788 0
2217 4.183673469391976 -0.2758620689662956 0
2218 4.183673469392014 -0.2413793103455122 0
2219 4.183673469392054 -0.2068965517247288 0
2220 4.183673469392093 -0.1724137931039454 0
2221 4.183673469392132 -0.1379310344831621 0
2222 4.18367346939217 -0.1034482758623727 0
2223 4.18367346939221 -0.06896551724157957 0
2224 4.183673469392249 -0.03448275862079039 0
2225 4.265306122452073 -0.9655172413791764 0
2226 4.265306122452109 -0.9310344827583529 0
2227 4.265306122452142 -0.8965517241375293 0
2228 4.26530612245218 -0.862068965516823 0
2229 4.265306122452215 -0.8275862068963119 0
2230 4.265306122452249 -0.793103448275801 0
2231 4.265306122452285 -0.7586206896552898 0
2232 4.26530612245232 -0.7241379310347786 0
2233 4.265306122452356 -0.6896551724142678 0
2234 4.265306122452389 -0.6551724137937566 0
2235 4.265306122452426 -0.6206896551732455 0
2236 4.265306122452462 -0.5862068965527345 0
2237 4.265306122452496 -0.5517241379322233 0
2238 4.265306122452531 -0.5172413793117121 0
2239 4.265306122452565 -0.4827586206910626 0
2240 4.265306122452601 -0.4482758620702741 0
2241 4.265306122452636 -0.4137931034494858 0
2242 4.265306122452672 -0.3793103448286975 0
2243 4.265306122452707 -0.3448275862079091 0
2244 4.265306122452743 -0.3103448275871208 0
2245 4.265306122452778 -0.2758620689663326 0
2246 4.265306122452815 -0.2413793103455443 0
2247 4.265306122452848 -0.2068965517247559 0
2248 4.265306122452883 -0.1724137931039675 0
2249 4.26530612245292 -0.1379310344831792 0
2250 4.265306122452954 -0.1034482758623854 0
2251 4.265306122452988 -0.06896551724158823 0
2252 4.265306122453023 -0.0344827586207947 0
2253 4.346938775512957 -0.9655172413791753 0
2254 4.346938775512985 -0.9310344827583509 0
2255 4.346938775513015 -0.8965517241375262 0
2256 4.34693877551305 -0.8620689655168214 0
2257 4.34693877551308 -0.8275862068963172 0
2258 4.346938775513112 -0.793103448275813 0
2259 4.346938775513141 -0.7586206896553087 0
2260 4.346938775513173 -0.7241379310348044 0
2261 4.346938775513204 -0.6896551724143002 0
2262 4.346938775513236 -0.6551724137937956 0
2263 4.346938775513268 -0.6206896551732914 0
2264 4.3469387755133 -0.5862068965527869 0
2265 4.34693877551333 -0.5517241379322828 0
2266 4.34693877551336 -0.5172413793117783 0
2267 4.346938775513392 -0.4827586206911294 0
2268 4.346938775513425 -0.4482758620703361 0
2269 4.346938775513455 -0.4137931034495428 0
2270 4.346938775513486 -0.3793103448287495 0
2271 4.346938775513516 -0.3448275862079561 0
2272 4.346938775513549 -0.3103448275871628 0
2273 4.34693877551358 -0.2758620689663696 0
2274 4.346938775513612 -0.2413793103455762 0
2275 4.346938775513645 -0.2068965517247829 0
2276 4.346938775513675 -0.1724137931039896 0
2277 4.346938775513706 -0.1379310344831963 0
2278 4.346938775513737 -0.1034482758623981 0
2279 4.346938775513769 -0.06896551724159691 0
2280 4.3469387755138 -0.03448275862079897 0
2281 4.428571428573833 -0.9655172413791742 0
2282 4.428571428573861 -0.9310344827583487 0
2283 4.428571428573888 -0.896551724137523 0
2284 4.428571428573916 -0.8620689655168201 0
2285 4.428571428573942 -0.8275862068963226 0
2286 4.428571428573971 -0.793103448275825 0
2287 4.428571428573998 -0.7586206896553276 0
2288 4.428571428574026 -0.7241379310348302 0
2289 4.428571428574053 -0.6896551724143324 0
2290 4.428571428574081 -0.6551724137938347 0
2291 4.428571428574107 -0.6206896551733372 0
2292 4.428571428574136 -0.5862068965528393 0
2293 4.428571428574163 -0.5517241379323419 0
2294 4.428571428574189 -0.5172413793118442 0
2295 4.428571428574219 -0.4827586206911962 0
2296 4.428571428574244 -0.448275862070398 0
2297 4.428571428574272 -0.4137931034495997 0
2298 4.428571428574299 -0.3793103448288014 0
2299 4.428571428574326 -0.344827586208003 0
2300 4.428571428574355 -0.3103448275872047 0
2301 4.428571428574381 -0.2758620689664066 0
2302 4.42857142857441 -0.2413793103456083 0
2303 4.428571428574436 -0.2068965517248099 0
2304 4.428571428574465 -0.1724137931040116 0
2305 4.428571428574492 -0.1379310344832133 0
2306 4.428571428574518 -0.1034482758624108 0
2307 4.428571428574547 -0.0689655172416056 0
2308 4.428571428574573 -0.03448275862080327 0
2309 4.510204081634716 -0.9655172413791731 0
2310 4.510204081634738 -0.9310344827583464 0
2311 4.510204081634763 -0.8965517241375195 0
2312 4.510204081634786 -0.8620689655168188 0
2313 4.510204081634809 -0.8275862068963281 0
2314 4.510204081634832 -0.7931034482758372 0
2315 4.510204081634855 -0.7586206896553465 0
2316 4.510204081634877 -0.7241379310348555 0
2317 4.510204081634904 -0.6896551724143648 0
2318 4.510204081634927 -0.6551724137938738 0
2319 4.510204081634951 -0.6206896551733829 0
2320 4.510204081634974 -0.5862068965528922 0
2321 4.510204081634997 -0.5517241379324012 0
2322 4.510204081635022 -0.5172413793119102 0
2323 4.510204081635044 -0.4827586206912631 0
2324 4.510204081635069 -0.4482758620704599 0
2325 4.510204081635091 -0.4137931034496566 0
2326 4.510204081635115 -0.3793103448288534 0
2327 4.510204081635139 -0.34482758620805 0
2328 4.510204081635163 -0.3103448275872467 0
2329 4.510204081635186 -0.2758620689664435 0
2330 4.510204081635209 -0.2413793103456403 0
2331 4.510204081635231 -0.2068965517248369 0
2332 4.510204081635257 -0.1724137931040337 0
2333 4.510204081635278 -0.1379310344832304 0
2334 4.510204081635303 -0.1034482758624235 0
2335 4.510204081635326 -0.06896551724161426 0
2336 4.51020408163535 -0.03448275862080755 0
2337 4.591836734695597 -0.9655172413791722 0
2338 4.591836734695617 -0.9310344827583442 0
2339 4.591836734695637 -0.8965517241375164 0
2340 4.591836734695655 -0.8620689655168174 0
2341 4.591836734695676 -0.8275862068963332 0
2342 4.591836734695694 -0.7931034482758494 0
2343 4.591836734695714 -0.7586206896553653 0
2344 4.591836734695734 -0.7241379310348812 0
2345 4.591836734695754 -0.689655172414397 0
2346 4.591836734695772 -0.6551724137939129 0
2347 4.591836734695791 -0.6206896551734287 0
2348 4.591836734695812 -0.5862068965529446 0
2349 4.591836734695831 -0.5517241379324604 0
2350 4.591836734695852 -0.5172413793119763 0
2351 4.591836734695871 -0.48275862069133 0
2352 4.591836734695891 -0.4482758620705218 0
2353 4.591836734695909 -0.4137931034497135 0
2354 4.59183673469593 -0.3793103448289054 0
2355 4.591836734695948 -0.3448275862080969 0
2356 4.591836734695969 -0.3103448275872887 0
2357 4.591836734695988 -0.2758620689664806 0
2358 4.591836734696008 -0.2413793103456723 0
2359 4.591836734696027 -0.2068965517248639 0
2360 4.591836734696047 -0.1724137931040557 0
2361 4.591836734696066 -0.1379310344832474 0
2362 4.591836734696086 -0.1034482758624362 0
2363 4.591836734696106 -0.06896551724162295 0
2364 4.591836734696125 -0.03448275862081183 0
2365 4.673469387756477 -0.9655172413791711 0
2366 4.673469387756493 -0.931034482758342 0
2367 4.673469387756509 -0.8965517241375133 0
2368 4.673469387756523 -0.8620689655168161 0
2369 4.673469387756541 -0.8275862068963388 0
2370 4.673469387756555 -0.7931034482758614 0
2371 4.673469387756571 -0.758620689655384 0
2372 4.673469387756585 -0.7241379310349068 0
2373 4.673469387756604 -0.6896551724144294 0
2374 4.673469387756618 -0.655172413793952 0
2375 4.673469387756635 -0.6206896551734746 0
2376 4.673469387756649 -0.586206896552997 0
2377 4.673469387756666 -0.5517241379325197 0
2378 4.673469387756679 -0.5172413793120423 0
2379 4.673469387756697 -0.482758620691397 0
2380 4.673469387756711 -0.4482758620705837 0
2381 4.673469387756727 -0.4137931034497705 0
2382 4.673469387756744 -0.3793103448289573 0
2383 4.673469387756758 -0.3448275862081439 0
2384 4.673469387756774 -0.3103448275873306 0
2385 4.67346938775679 -0.2758620689665175 0
2386 4.673469387756805 -0.2413793103457043 0
2387 4.673469387756821 -0.206896551724891 0
2388 4.673469387756837 -0.1724137931040778 0
2389 4.673469387756854 -0.1379310344832645 0
2390 4.673469387756868 -0.1034482758624488 0
2391 4.673469387756883 -0.06896551724163164 0
2392 4.6734693877569 -0.03448275862081612 0
2393 4.755102040817357 -0.9655172413791699 0
2394 4.755102040817371 -0.93103448275834 0
2395 4.755102040817382 -0.8965517241375099 0
2396 4.755102040817394 -0.8620689655168148 0
2397 4.755102040817407 -0.8275862068963443 0
2398 4.755102040817417 -0.7931034482758734 0
2399 4.755102040817429 -0.7586206896554031 0
2400 4.75510204081744 -0.7241379310349323 0
2401 4.755102040817452 -0.6896551724144618 0
2402 4.755102040817464 -0.655172413793991 0
2403 4.755102040817476 -0.6206896551735204 0
2404 4.755102040817487 -0.5862068965530496 0
2405 4.7551020408175 -0.551724137932579 0
2406 4.75510204081751 -0.5172413793121082 0
2407 4.755102040817521 -0.4827586206914638 0
2408 4.755102040817534 -0.4482758620706456 0
2409 4.755102040817546 -0.4137931034498273 0
2410 4.755102040817556 -0.3793103448290093 0
2411 4.755102040817569 -0.3448275862081909 0
2412 4.755102040817581 -0.3103448275873727 0
2413 4.755102040817592 -0.2758620689665545 0
2414 4.755102040817604 -0.2413793103457363 0
2415 4.755102040817617 -0.2068965517249181 0
2416 4.755102040817628 -0.1724137931040998 0
2417 4.755102040817638 -0.1379310344832816 0
2418 4.755102040817653 -0.1034482758624615 0
2419 4.755102040817664 -0.0689655172416403 0
2420 4.755102040817675 -0.03448275862082041 0
2421 4.836734693878238 -0.9655172413791688 0
2422 4.836734693878247 -0.931034482758338 0
2423 4.836734693878254 -0.8965517241375066 0
2424 4.836734693878263 -0.8620689655168134 0
2425 4.836734693878268 -0.8275862068963497 0
2426 4.836734693878276 -0.7931034482758859 0
2427 4.836734693878286 -0.7586206896554217 0
2428 4.836734693878293 -0.724137931034958 0
2429 4.836734693878303 -0.689655172414494 0
2430 4.836734693878308 -0.6551724137940301 0
2431 4.836734693878318 -0.6206896551735661 0
2432 4.836734693878325 -0.5862068965531022 0
2433 4.836734693878334 -0.5517241379326385 0
2434 4.836734693878341 -0.5172413793121744 0
2435 4.836734693878348 -0.4827586206915307 0
2436 4.836734693878356 -0.4482758620707076 0
2437 4.836734693878364 -0.4137931034498844 0
2438 4.836734693878372 -0.3793103448290612 0
2439 4.83673469387838 -0.3448275862082378 0
2440 4.836734693878388 -0.3103448275874147 0
2441 4.836734693878395 -0.2758620689665916 0
2442 4.836734693878403 -0.2413793103457683 0
2443 4.836734693878411 -0.206896551724945 0
2444 4.836734693878419 -0.1724137931041219 0
2445 4.836734693878427 -0.1379310344832986 0
2446 4.836734693878434 -0.1034482758624742 0
2447 4.836734693878441 -0.06896551724164898 0
2448 4.83673469387845 -0.0344827586208247 0
2449 4.918367346939119 -0.9655172413791677 0
2450 4.918367346939124 -0.9310344827583358 0
2451 4.918367346939126 -0.8965517241375035 0
2452 4.918367346939132 -0.8620689655168121 0
2453 4.918367346939134 -0.827586206896355 0
2454 4.918367346939139 -0.7931034482758978 0
2455 4.918367346939143 -0.7586206896554408 0
2456 4.918367346939146 -0.7241379310349834 0
2457 4.918367346939148 -0.6896551724145265 0
2458 4.918367346939155 -0.6551724137940692 0
2459 4.918367346939159 -0.6206896551736121 0
2460 4.918367346939164 -0.5862068965531546 0
2461 4.918367346939167 -0.5517241379326976 0
2462 4.918367346939171 -0.5172413793122403 0
2463 4.918367346939173 -0.4827586206915977 0
2464 4.918367346939178 -0.4482758620707694 0
2465 4.918367346939181 -0.4137931034499412 0
2466 4.918367346939185 -0.3793103448291131 0
2467 4.91836734693919 -0.3448275862082848 0
2468 4.918367346939194 -0.3103448275874565 0
2469 4.918367346939197 -0.2758620689666286 0
2470 4.9183673469392 -0.2413793103458004 0
2471 4.918367346939204 -0.2068965517249721 0
2472 4.918367346939208 -0.1724137931041439 0
2473 4.918367346939212 -0.1379310344833157 0
2474 4.918367346939217 -0.1034482758624869 0
2475 4.91836734693922 -0.06896551724165767 0
2476 4.918367346939226 -0.03448275862082899 0
2477 4.918367346939228 0.03448275862062318 0
2478 4.918367346939228 0.0689655172412412 0
2479 4.918367346939228 0.1034482758618778 0
2480 4.918367346939228 0.1379310344824967 0
2481 4.918367346939228 0.1724137931030857 0
2482 4.918367346939229 0.2068965517236747 0
2483 4.918367346939229 0.2413793103442637 0
2484 4.918367346939229 0.2758620689648527 0
2485 4.918367346939228 0.3103448275854417 0
2486 4.918367346939228 0.3448275862060307 0
2487 4.918367346939229 0.3793103448266197 0
2488 4.918367346939228 0.4137931034472087 0
2489 4.918367346939228 0.4482758620677977 0
2490 4.918367346939228 0.4827586206883868 0
2491 4.918367346939228 0.5172413793090714 0
2492 4.918367346939228 0.5517241379298521 0
2493 4.918367346939228 0.5862068965506327 0
2494 4.918367346939229 0.6206896551714133 0
2495 4.918367346939228 0.6551724137921939 0
2496 4.918367346939228 0.6896551724129745 0
2497 4.918367346939228 0.7241379310337551 0
2498 4.918367346939228 0.7586206896545358 0
2499 4.918367346939228 0.7931034482753163 0
2500 4.918367346939227 0.827586206896097 0
2501 4.918367346939228 0.8620689655168776 0
2502 4.918367346939228 0.8965517241376582 0
2503 4.918367346939231 0.9310344827584388 0
2504 4.918367346939228 0.9655172413792195 0
2505 4.836734693878458 0.03448275862062318 0
2506 4.836734693878458 0.0689655172412412 0
2507 4.836734693878459 0.1034482758618778 0
2508 4.836734693878459 0.1379310344824967 0
2509 4.836734693878457 0.1724137931030857 0
2510 4.836734693878458 0.2068965517236747 0
2511 4.836734693878458 0.2413793103442637 0
2512 4.836734693878456 0.2758620689648527 0
2513 4.836734693878458 0.3103448275854417 0
2514 4.836734693878459 0.3448275862060307 0
2515 4.836734693878459 0.3793103448266197 0
2516 4.836734693878458 0.4137931034472087 0
2517 4.836734693878458 0.4482758620677977 0
2518 4.836734693878458 0.4827586206883868 0
2519 4.836734693878458 0.5172413793090714 0
2520 4.836734693878458 0.5517241379298521 0
2521 4.836734693878459 0.5862068965506327 0
2522 4.836734693878458 0.6206896551714133 0
2523 4.836734693878458 0.6551724137921939 0
2524 4.836734693878458 0.6896551724129745 0
2525 4.836734693878457 0.7241379310337551 0
2526 4.836734693878458 0.7586206896545358 0
2527 4.836734693878458 0.7931034482753163 0
2528 4.836734693878458 0.827586206896097 0
2529 4.836734693878458 0.8620689655168776 0
2530 4.836734693878459 0.8965517241376582 0
2531 4.836734693878458 0.9310344827584388 0
2532 4.836734693878458 0.9655172413792195 0
2533 4.755102040817686 0.03448275862062318 0
2534 4.755102040817688 0.0689655172412412 0
2535 4.755102040817688 0.1034482758618778 0
2536 4.755102040817684 0.1379310344824967 0
2537 4.755102040817686 0.1724137931030857 0
2538 4.755102040817686 0.2068965517236747 0
2539 4.755102040817686 0.2413793103442637 0
2540 4.755102040817686 0.2758620689648527 0
2541 4.755102040817686 0.3103448275854417 0
2542 4.755102040817686 0.3448275862060307 0
2543 4.755102040817686 0.3793103448266197 0
2544 4.755102040817685 0.4137931034472087 0
2545 4.755102040817686 0.4482758620677977 0
2546 4.755102040817686 0.4827586206883868 0
2547 4.755102040817686 0.5172413793090714 0
2548 4.755102040817686 0.5517241379298521 0
2549 4.755102040817686 0.5862068965506327 0
2550 4.755102040817686 0.6206896551714133 0
2551 4.755102040817686 0.6551724137921939 0
2552 4.755102040817686 0.6896551724129745 0
2553 4.755102040817686 0.7241379310337551 0
2554 4.755102040817686 0.7586206896545358 0
2555 4.755102040817686 0.7931034482753163 0
2556 4.755102040817686 0.827586206896097 0
2557 4.755102040817686 0.8620689655168776 0
2558 4.755102040817686 0.8965517241376582 0
2559 4.755102040817686 0.9310344827584388 0
2560 4.755102040817686 0.9655172413792195 0
2561 4.673469387756916 0.03448275862062318 0
2562 4.673469387756914 0.0689655172412412 0
2563 4.673469387756915 0.1034482758618778 0
2564 4.673469387756915 0.1379310344824967 0
2565 4.673469387756915 0.1724137931030857 0
2566 4.673469387756917 0.2068965517236747 0
2567 4.673469387756914 0.2413793103442637 0
2568 4.673469387756915 0.2758620689648527 0
2569 4.673469387756915 0.3103448275854417 0
2570 4.673469387756915 0.3448275862060307 0
2571 4.673469387756915 0.3793103448266197 0
2572 4.673469387756915 0.4137931034472087 0
2573 4.673469387756915 0.4482758620677977 0
2574 4.673469387756915 0.4827586206883868 0
2575 4.673469387756915 0.5172413793090714 0
2576 4.673469387756915 0.5517241379298521 0
2577 4.673469387756915 0.5862068965506327 0
2578 4.673469387756915 0.6206896551714133 0
2579 4.673469387756915 0.6551724137921939 0
2580 4.673469387756915 0.6896551724129745 0
2581 4.673469387756915 0.7241379310337551 0
2582 4.673469387756915 0.7586206896545358 0
2583 4.673469387756915 0.7931034482753163 0
2584 4.673469387756915 0.827586206896097 0
2585 4.673469387756915 0.8620689655168776 0
2586 4.673469387756915 0.8965517241376582 0
2587 4.673469387756914 0.9310344827584388 0
2588 4.673469387756915 0.9655172413792195 0
2589 4.591836734696145 0.03448275862062318 0
2590 4.591836734696144 0.0689655172412412 0
2591 4.591836734696143 0.1034482758618778 0
2592 4.591836734696143 0.1379310344824967 0
2593 4.591836734696144 0.1724137931030857 0
2594 4.591836734696144 0.2068965517236747 0
2595 4.591836734696145 0.2413793103442637 0
2596 4.591836734696145 0.2758620689648527 0
2597 4.591836734696145 0.3103448275854417 0
2598 4.591836734696143 0.3448275862060307 0
2599 4.591836734696143 0.3793103448266197 0
2600 4.591836734696144 0.4137931034472087 0
2601 4.591836734696144 0.4482758620677977 0
2602 4.591836734696146 0.4827586206883868 0
2603 4.591836734696145 0.5172413793090714 0
2604 4.591836734696145 0.5517241379298521 0
2605 4.591836734696145 0.5862068965506327 0
2606 4.591836734696144 0.6206896551714133 0
2607 4.591836734696144 0.6551724137921939 0
2608 4.591836734696144 0.6896551724129745 0
2609 4.591836734696144 0.7241379310337551 0
2610 4.591836734696144 0.7586206896545358 0
2611 4.591836734696144 0.7931034482753163 0
2612 4.591836734696144 0.827586206896097 0
2613 4.591836734696144 0.8620689655168776 0
2614 4.591836734696144 0.8965517241376582 0
2615 4.591836734696145 0.9310344827584388 0
2616 4.591836734696144 0.9655172413792195 0
2617 4.510204081635375 0.03448275862062318 0
2618 4.510204081635373 0.0689655172412412 0
2619 4.510204081635374 0.1034482758618778 0
2620 4.510204081635373 0.1379310344824967 0
2621 4.510204081635373 0.1724137931030857 0
2622 4.510204081635373 0.2068965517236747 0
2623 4.510204081635373 0.2413793103442637 0
2624 4.510204081635374 0.2758620689648527 0
2625 4.510204081635373 0.3103448275854417 0
2626 4.510204081635372 0.3448275862060307 0
2627 4.510204081635372 0.3793103448266197 0
2628 4.510204081635373 0.4137931034472087 0
2629 4.510204081635373 0.4482758620677977 0
2630 4.510204081635373 0.4827586206883868 0
2631 4.510204081635373 0.5172413793090714 0
2632 4.510204081635374 0.5517241379298521 0
2633 4.510204081635373 0.5862068965506327 0
2634 4.510204081635373 0.6206896551714134 0
2635 4.510204081635373 0.6551724137921939 0
2636 4.510204081635373 0.6896551724129745 0
2637 4.510204081635373 0.7241379310337551 0
2638 4.510204081635373 0.7586206896545358 0
2639 4.510204081635372 0.7931034482753163 0
2640 4.510204081635373 0.827586206896097 0
2641 4.510204081635373 0.8620689655168776 0
2642 4.510204081635373 0.8965517241376582 0
2643 4.510204081635373 0.9310344827584388 0
2644 4.510204081635372 0.9655172413792195 0
2645 4.428571428574602 0.03448275862062318 0
2646 4.4285714285746 0.0689655172412412 0
2647 4.428571428574603 0.1034482758618778 0
2648 4.428571428574601 0.1379310344824967 0
2649 4.428571428574601 0.1724137931030857 0
2650 4.428571428574601 0.2068965517236747 0
2651 4.428571428574601 0.2413793103442637 0
2652 4.428571428574601 0.2758620689648527 0
2653 4.428571428574601 0.3103448275854417 0
2654 4.428571428574601 0.3448275862060307 0
2655 4.428571428574601 0.3793103448266197 0
2656 4.428571428574601 0.4137931034472087 0
2657 4.428571428574601 0.4482758620677977 0
2658 4.428571428574601 0.4827586206883868 0
2659 4.428571428574601 0.5172413793090714 0
2660 4.428571428574601 0.5517241379298521 0
2661 4.428571428574601 0.5862068965506327 0
2662 4.428571428574601 0.6206896551714133 0
2663 4.428571428574601 0.6551724137921939 0
2664 4.428571428574601 0.6896551724129745 0
2665 4.428571428574601 0.7241379310337551 0
2666 4.428571428574601 0.7586206896545358 0
2667 4.428571428574601 0.7931034482753163 0
2668 4.428571428574601 0.827586206896097 0
2669 4.428571428574601 0.8620689655168776 0
2670 4.428571428574601 0.8965517241376582 0
2671 4.428571428574601 0.9310344827584387 0
2672 4.428571428574601 0.9655172413792195 0
2673 4.346938775513831 0.03448275862062318 0
2674 4.346938775513832 0.0689655172412412 0
2675 4.346938775513831 0.1034482758618778 0
2676 4.346938775513831 0.1379310344824967 0
2677 4.346938775513831 0.1724137931030857 0
2678 4.346938775513831 0.2068965517236747 0
2679 4.346938775513831 0.2413793103442637 0
2680 4.346938775513831 0.2758620689648527 0
2681 4.346938775513831 0.3103448275854417 0
2682 4.346938775513831 0.3448275862060307 0
2683 4.346938775513831 0.3793103448266197 0
2684 4.346938775513831 0.4137931034472087 0
2685 4.346938775513831 0.4482758620677977 0
2686 4.346938775513831 0.4827586206883868 0
2687 4.346938775513831 0.5172413793090714 0
2688 4.346938775513831 0.5517241379298521 0
2689 4.346938775513831 0.5862068965506327 0
2690 4.346938775513831 0.6206896551714133 0
2691 4.346938775513831 0.6551724137921939 0
2692 4.346938775513831 0.6896551724129745 0
2693 4.346938775513831 0.7241379310337551 0
2694 4.346938775513831 0.7586206896545358 0
2695 4.346938775513831 0.7931034482753163 0
2696 4.346938775513831 0.827586206896097 0
2697 4.346938775513831 0.8620689655168776 0
2698 4.346938775513831 0.8965517241376582 0
2699 4.346938775513831 0.9310344827584389 0
2700 4.346938775513831 0.9655172413792195 0
2701 4.265306122453059 0.03448275862062318 0
2702 4.265306122453061 0.0689655172412412 0
2703 4.265306122453059 0.1034482758618778 0
2704 4.265306122453059 0.1379310344824967 0
2705 4.265306122453059 0.1724137931030857 0
2706 4.265306122453059 0.2068965517236747 0
2707 4.26530612245306 0.2413793103442637 0
2708 4.26530612245306 0.2758620689648527 0
2709 4.265306122453059 0.3103448275854417 0
2710 4.265306122453059 0.3448275862060307 0
2711 4.26530612245306 0.3793103448266197 0
2712 4.265306122453059 0.4137931034472087 0
2713 4.265306122453059 0.4482758620677977 0
2714 4.265306122453059 0.4827586206883868 0
2715 4.265306122453059 0.5172413793090714 0
2716 4.265306122453059 0.5517241379298521 0
2717 4.265306122453059 0.5862068965506327 0
2718 4.265306122453059 0.6206896551714133 0
2719 4.265306122453059 0.6551724137921939 0
2720 4.265306122453059 0.6896551724129745 0
2721 4.265306122453059 0.724137931033755 0
2722 4.26530612245306 0.7586206896545358 0
2723 4.265306122453058 0.7931034482753163 0
2724 4.265306122453058 0.8275862068960971 0
2725 4.265306122453059 0.8620689655168776 0
2726 4.265306122453059 0.8965517241376582 0
2727 4.265306122453059 0.9310344827584388 0
2728 4.265306122453059 0.9655172413792195 0
2729 4.183673469392288 0.03448275862062318 0
2730 4.183673469392288 0.0689655172412412 0
2731 4.183673469392287 0.1034482758618778 0
2732 4.183673469392288 0.1379310344824967 0
2733 4.183673469392289 0.1724137931030856 0
2734 4.183673469392288 0.2068965517236747 0
2735 4.183673469392288 0.2413793103442637 0
2736 4.183673469392289 0.2758620689648527 0
2737 4.183673469392287 0.3103448275854417 0
2738 4.183673469392289 0.3448275862060307 0
2739 4.183673469392289 0.3793103448266197 0
2740 4.183673469392289 0.4137931034472087 0
2741 4.183673469392288 0.4482758620677977 0
2742 4.18367346939229 0.4827586206883868 0
2743 4.183673469392288 0.5172413793090714 0
2744 4.183673469392288 0.5517241379298521 0
2745 4.183673469392288 0.5862068965506327 0
2746 4.183673469392288 0.6206896551714133 0
2747 4.183673469392288 0.6551724137921939 0
2748 4.183673469392287 0.6896551724129745 0
2749 4.183673469392288 0.7241379310337551 0
2750 4.183673469392288 0.7586206896545358 0
2751 4.183673469392288 0.7931034482753163 0
2752 4.183673469392288 0.827586206896097 0
2753 4.183673469392288 0.8620689655168776 0
2754 4.183673469392288 0.8965517241376582 0
2755 4.183673469392288 0.9310344827584388 0
2756 4.183673469392288 0.9655172413792195 0
2757 4.102040816331517 0.03448275862062318 0
2758 4.102040816331517 0.0689655172412412 0
2759 4.102040816331517 0.1034482758618778 0
2760 4.102040816331517 0.1379310344824967 0
2761 4.102040816331517 0.1724137931030857 0
2762 4.102040816331517 0.2068965517236747 0
2763 4.102040816331517 0.2413793103442637 0
2764 4.102040816331517 0.2758620689648527 0
2765 4.102040816331517 0.3103448275854417 0
2766 4.102040816331517 0.3448275862060307 0
2767 4.102040816331517 0.3793103448266197 0
2768 4.102040816331517 0.4137931034472087 0
2769 4.102040816331517 0.4482758620677977 0
2770 4.102040816331516 0.4827586206883868 0
2771 4.102040816331517 0.5172413793090714 0
2772 4.102040816331517 0.5517241379298521 0
2773 4.102040816331517 0.5862068965506327 0
2774 4.102040816331517 0.6206896551714133 0
2775 4.102040816331517 0.6551724137921939 0
2776 4.102040816331517 0.6896551724129745 0
2777 4.102040816331517 0.7241379310337551 0
2778 4.102040816331517 0.7586206896545358 0
2779 4.102040816331517 0.7931034482753163 0
2780 4.102040816331517 0.8275862068960971 0
2781 4.102040816331517 0.8620689655168776 0
2782 4.102040816331517 0.8965517241376582 0
2783 4.102040816331517 0.9310344827584388 0
2784 4.102040816331517 0.9655172413792195 0
2785 4.020408163270747 0.03448275862062318 0
2786 4.020408163270746 0.0689655172412412 0
2787 4.020408163270746 0.1034482758618778 0
2788 4.020408163270746 0.1379310344824967 0
2789 4.020408163270746 0.1724137931030856 0
2790 4.020408163270746 0.2068965517236747 0
2791 4.020408163270746 0.2413793103442637 0
2792 4.020408163270746 0.2758620689648527 0
2793 4.020408163270746 0.3103448275854417 0
2794 4.020408163270746 0.3448275862060307 0
2795 4.020408163270746 0.3793103448266197 0
2796 4.020408163270746 0.4137931034472087 0
2797 4.020408163270746 0.4482758620677977 0
2798 4.020408163270746 0.4827586206883867 0
2799 4.020408163270746 0.5172413793090714 0
2800 4.020408163270746 0.5517241379298521 0
2801 4.020408163270746 0.5862068965506327 0
2802 4.020408163270746 0.6206896551714133 0
2803 4.020408163270746 0.6551724137921939 0
2804 4.020408163270746 0.6896551724129745 0
2805 4.020408163270746 0.724137931033755 0
2806 4.020408163270746 0.7586206896545358 0
2807 4.020408163270746 0.7931034482753163 0
2808 4.020408163270746 0.827586206896097 0
2809 4.020408163270746 0.8620689655168776 0
2810 4.020408163270746 0.8965517241376582 0
2811 4.020408163270746 0.9310344827584388 0
2812 4.020408163270746 0.9655172413792195 0
2813 3.938775510209975 0.03448275862062318 0
2814 3.938775510209974 0.0689655172412412 0
2815 3.938775510209974 0.1034482758618778 0
2816 3.938775510209974 0.1379310344824967 0
2817 3.938775510209975 0.1724137931030857 0
2818 3.938775510209974 0.2068965517236747 0
2819 3.938775510209975 0.2413793103442637 0
2820 3.938775510209974 0.2758620689648527 0
2821 3.938775510209974 0.3103448275854417 0
2822 3.938775510209974 0.3448275862060307 0
2823 3.938775510209974 0.3793103448266197 0
2824 3.938775510209974 0.4137931034472087 0
2825 3.938775510209974 0.4482758620677977 0
2826 3.938775510209974 0.4827586206883868 0
2827 3.938775510209974 0.5172413793090714 0
2828 3.938775510209974 0.5517241379298521 0
2829 3.938775510209974 0.5862068965506327 0
2830 3.938775510209974 0.6206896551714133 0
2831 3.938775510209974 0.6551724137921939 0
2832 3.938775510209974 0.6896551724129745 0
2833 3.938775510209974 0.7241379310337552 0
2834 3.938775510209974 0.7586206896545358 0
2835 3.938775510209974 0.7931034482753163 0
2836 3.938775510209974 0.8275862068960971 0
2837 3.938775510209974 0.8620689655168776 0
2838 3.938775510209974 0.8965517241376582 0
2839 3.938775510209974 0.9310344827584389 0
2840 3.938775510209975 0.9655172413792195 0
2841 3.857142857149203 0.03448275862062318 0
2842 3.857142857149204 0.0689655172412412 0
2843 3.857142857149203 0.1034482758618778 0
2844 3.857142857149203 0.1379310344824967 0
2845 3.857142857149203 0.1724137931030857 0
2846 3.857142857149203 0.2068965517236747 0
2847 3.857142857149205 0.2413793103442637 0
2848 3.857142857149203 0.2758620689648527 0
2849 3.857142857149204 0.3103448275854417 0
2850 3.857142857149204 0.3448275862060307 0
2851 3.857142857149203 0.3793103448266197 0
2852 3.857142857149205 0.4137931034472087 0
2853 3.857142857149203 0.4482758620677977 0
2854 3.857142857149203 0.4827586206883868 0
2855 3.857142857149203 0.5172413793090714 0
2856 3.857142857149203 0.5517241379298521 0
2857 3.857142857149202 0.5862068965506327 0
2858 3.857142857149202 0.6206896551714133 0
2859 3.857142857149203 0.6551724137921939 0
2860 3.857142857149202 0.6896551724129745 0
2861 3.857142857149203 0.7241379310337551 0
2862 3.857142857149204 0.7586206896545358 0
2863 3.857142857149204 0.7931034482753163 0
2864 3.857142857149202 0.827586206896097 0
2865 3.857142857149203 0.8620689655168776 0
2866 3.857142857149204 0.8965517241376582 0
2867 3.857142857149204 0.9310344827584388 0
2868 3.857142857149203 0.9655172413792195 0
2869 3.775510204088431 0.03448275862062318 0
2870 3.775510204088432 0.0689655172412412 0
2871 3.775510204088431 0.1034482758618778 0
2872 3.775510204088433 0.1379310344824967 0
2873 3.775510204088433 0.1724137931030857 0
2874 3.775510204088432 0.2068965517236747 0
2875 3.775510204088432 0.2413793103442637 0
2876 3.775510204088431 0.2758620689648527 0
2877 3.775510204088432 0.3103448275854417 0
2878 3.775510204088432 0.3448275862060307 0
2879 3.775510204088432 0.3793103448266197 0
2880 3.775510204088431 0.4137931034472088 0
2881 3.775510204088432 0.4482758620677977 0
2882 3.775510204088432 0.4827586206883868 0
2883 3.775510204088432 0.5172413793090714 0
2884 3.775510204088432 0.5517241379298521 0
2885 3.775510204088432 0.5862068965506327 0
2886 3.775510204088432 0.6206896551714133 0
2887 3.775510204088432 0.6551724137921939 0
2888 3.775510204088432 0.6896551724129745 0
2889 3.775510204088432 0.7241379310337551 0
2890 3.775510204088433 0.7586206896545358 0
2891 3.775510204088432 0.7931034482753163 0
2892 3.775510204088432 0.8275862068960971 0
2893 3.775510204088432 0.8620689655168776 0
2894 3.775510204088432 0.8965517241376582 0
2895 3.775510204088432 0.9310344827584388 0
2896 3.775510204088432 0.9655172413792195 0
2897 3.69387755102766 0.03448275862062318 0
2898 3.693877551027661 0.0689655172412412 0
2899 3.693877551027661 0.1034482758618778 0
2900 3.69387755102766 0.1379310344824967 0
2901 3.693877551027661 0.1724137931030857 0
2902 3.69387755102766 0.2068965517236747 0
2903 3.693877551027661 0.2413793103442637 0
2904 3.693877551027661 0.2758620689648527 0
2905 3.693877551027661 0.3103448275854417 0
2906 3.69387755102766 0.3448275862060307 0
2907 3.693877551027662 0.3793103448266197 0
2908 3.693877551027661 0.4137931034472087 0
2909 3.693877551027662 0.4482758620677977 0
2910 3.69387755102766 0.4827586206883868 0
2911 3.693877551027661 0.5172413793090714 0
2912 3.693877551027662 0.5517241379298521 0
2913 3.69387755102766 0.5862068965506327 0
2914 3.693877551027661 0.6206896551714133 0
2915 3.693877551027661 0.6551724137921939 0
2916 3.693877551027662 0.6896551724129745 0
2917 3.693877551027661 0.7241379310337551 0
2918 3.693877551027661 0.7586206896545358 0
2919 3.693877551027661 0.7931034482753163 0
2920 3.693877551027661 0.827586206896097 0
2921 3.693877551027662 0.8620689655168776 0
2922 3.69387755102766 0.8965517241376582 0
2923 3.693877551027661 0.9310344827584388 0
2924 3.693877551027661 0.9655172413792195 0
2925 3.612244897966889 0.03448275862062318 0
2926 3.61224489796689 0.0689655172412412 0
2927 3.612244897966888 0.1034482758618778 0
2928 3.612244897966889 0.1379310344824967 0
2929 3.61224489796689 0.1724137931030857 0
2930 3.61224489796689 0.2068965517236747 0
2931 3.61224489796689 0.2413793103442637 0
2932 3.61224489796689 0.2758620689648527 0
2933 3.61224489796689 0.3103448275854417 0
2934 3.612244897966889 0.3448275862060307 0
2935 3.61224489796689 0.3793103448266197 0
2936 3.612244897966889 0.4137931034472087 0
2937 3.61224489796689 0.4482758620677977 0
2938 3.612244897966889 0.4827586206883868 0
2939 3.61224489796689 0.5172413793090714 0
2940 3.61224489796689 0.5517241379298521 0
2941 3.61224489796689 0.5862068965506327 0
2942 3.61224489796689 0.6206896551714133 0
2943 3.612244897966889 0.6551724137921939 0
2944 3.61224489796689 0.6896551724129745 0
2945 3.61224489796689 0.7241379310337551 0
2946 3.61224489796689 0.7586206896545358 0
2947 3.61224489796689 0.7931034482753163 0
2948 3.612244897966889 0.8275862068960971 0
2949 3.612244897966889 0.8620689655168776 0
2950 3.61224489796689 0.8965517241376582 0
2951 3.61224489796689 0.9310344827584387 0
2952 3.61224489796689 0.9655172413792195 0
2953 3.530612244906118 0.03448275862062318 0
2954 3.530612244906119 0.0689655172412412 0
2955 3.530612244906118 0.1034482758618778 0
2956 3.530612244906118 0.1379310344824967 0
2957 3.530612244906119 0.1724137931030857 0
2958 3.530612244906118 0.2068965517236747 0
2959 3.530612244906119 0.2413793103442637 0
2960 3.530612244906119 0.2758620689648527 0
2961 3.530612244906118 0.3103448275854417 0
2962 3.530612244906118 0.3448275862060307 0
2963 3.530612244906119 0.3793103448266197 0
2964 3.530612244906119 0.4137931034472087 0
2965 3.530612244906118 0.4482758620677977 0
2966 3.530612244906118 0.4827586206883868 0
2967 3.530612244906118 0.5172413793090714 0
2968 3.530612244906118 0.5517241379298521 0
2969 3.530612244906118 0.5862068965506327 0
2970 3.530612244906118 0.6206896551714133 0
2971 3.530612244906118 0.6551724137921939 0
2972 3.530612244906118 0.6896551724129745 0
2973 3.530612244906118 0.7241379310337551 0
2974 3.530612244906118 0.7586206896545358 0
2975 3.530612244906118 0.7931034482753163 0
2976 3.530612244906118 0.827586206896097 0
2977 3.530612244906118 0.8620689655168776 0
2978 3.530612244906118 0.8965517241376582 0
2979 3.530612244906118 0.9310344827584389 0
2980 3.530612244906118 0.9655172413792195 0
2981 3.448979591845347 0.03448275862062318 0
2982 3.448979591845348 0.0689655172412412 0
2983 3.448979591845347 0.1034482758618778 0
2984 3.448979591845347 0.1379310344824967 0
2985 3.448979591845347 0.1724137931030857 0
2986 3.448979591845348 0.2068965517236747 0
2987 3.448979591845347 0.2413793103442637 0
2988 3.448979591845347 0.2758620689648527 0
2989 3.448979591845347 0.3103448275854417 0
2990 3.448979591845347 0.3448275862060307 0
2991 3.448979591845348 0.3793103448266197 0
2992 3.448979591845348 0.4137931034472087 0
2993 3.448979591845347 0.4482758620677977 0
2994 3.448979591845347 0.4827586206883867 0
2995 3.448979591845347 0.5172413793090714 0
2996 3.448979591845347 0.5517241379298521 0
2997 3.448979591845347 0.5862068965506327 0
2998 3.448979591845347 0.6206896551714133 0
2999 3.448979591845347 0.6551724137921939 0
3000 3.448979591845347 0.6896551724129745 0
3001 3.448979591845347 0.7241379310337551 0
3002 3.448979591845347 0.7586206896545358 0
3003 3.448979591845347 0.7931034482753163 0
3004 3.448979591845347 0.8275862068960969 0
3005 3.448979591845348 0.8620689655168776 0
3006 3.448979591845347 0.8965517241376582 0
3007 3.448979591845347 0.9310344827584389 0
3008 3.448979591845347 0.9655172413792195 0
3009 3.367346938784576 0.03448275862062318 0
3010 3.367346938784575 0.0689655172412412 0
3011 3.367346938784575 0.1034482758618778 0
3012 3.367346938784575 0.1379310344824967 0
3013 3.367346938784575 0.1724137931030857 0
3014 3.367346938784576 0.2068965517236747 0
3015 3.367346938784576 0.2413793103442637 0
3016 3.367346938784576 0.2758620689648527 0
3017 3.367346938784576 0.3103448275854417 0
3018 3.367346938784576 0.3448275862060307 0
3019 3.367346938784575 0.3793103448266197 0
3020 3.367346938784575 0.4137931034472087 0
3021 3.367346938784576 0.4482758620677977 0
3022 3.367346938784576 0.4827586206883868 0
3023 3.367346938784576 0.5172413793090714 0
3024 3.367346938784576 0.5517241379298521 0
3025 3.367346938784576 0.5862068965506327 0
3026 3.367346938784576 0.6206896551714133 0
3027 3.367346938784576 0.6551724137921939 0
3028 3.367346938784576 0.6896551724129745 0
3029 3.367346938784576 0.7241379310337551 0
3030 3.367346938784576 0.7586206896545358 0
3031 3.367346938784576 0.7931034482753163 0
3032 3.367346938784576 0.827586206896097 0
3033 3.367346938784576 0.8620689655168776 0
3034 3.367346938784576 0.8965517241376582 0
3035 3.367346938784576 0.9310344827584388 0
3036 3.367346938784576 0.9655172413792195 0
3037 3.285714285723805 0.03448275862062318 0
3038 3.285714285723805 0.0689655172412412 0
3039 3.285714285723804 0.1034482758618778 0
3040 3.285714285723804 0.1379310344824967 0
3041 3.285714285723805 0.1724137931030857 0
3042 3.285714285723805 0.2068965517236747 0
3043 3.285714285723805 0.2413793103442637 0
3044 3.285714285723804 0.2758620689648527 0
3045 3.285714285723804 0.3103448275854417 0
3046 3.285714285723805 0.3448275862060307 0
3047 3.285714285723805 0.3793103448266197 0
3048 3.285714285723804 0.4137931034472087 0
3049 3.285714285723805 0.4482758620677977 0
3050 3.285714285723805 0.4827586206883868 0
3051 3.285714285723805 0.5172413793090714 0
3052 3.285714285723806 0.5517241379298521 0
3053 3.285714285723804 0.5862068965506327 0
3054 3.285714285723805 0.6206896551714133 0
3055 3.285714285723805 0.6551724137921939 0
3056 3.285714285723804 0.6896551724129745 0
3057 3.285714285723805 0.7241379310337551 0
3058 3.285714285723806 0.7586206896545358 0
3059 3.285714285723805 0.7931034482753163 0
3060 3.285714285723805 0.827586206896097 0
3061 3.285714285723805 0.8620689655168776 0
3062 3.285714285723805 0.8965517241376582 0
3063 3.285714285723805 0.9310344827584388 0
3064 3.285714285723805 0.9655172413792195 0
3065 3.204081632663033 0.03448275862062318 0
3066 3.204081632663033 0.0689655172412412 0
3067 3.204081632663033 0.1034482758618778 0
3068 3.204081632663033 0.1379310344824967 0
3069 3.204081632663034 0.1724137931030857 0
3070 3.204081632663034 0.2068965517236747 0
3071 3.204081632663033 0.2413793103442637 0
3072 3.204081632663033 0.2758620689648527 0
3073 3.204081632663033 0.3103448275854417 0
3074 3.204081632663034 0.3448275862060307 0
3075 3.204081632663033 0.3793103448266197 0
3076 3.204081632663033 0.4137931034472087 0
3077 3.204081632663033 0.4482758620677977 0
3078 3.204081632663033 0.4827586206883867 0
3079 3.204081632663033 0.5172413793090714 0
3080 3.204081632663033 0.5517241379298521 0
3081 3.204081632663033 0.5862068965506327 0
3082 3.204081632663033 0.6206896551714133 0
3083 3.204081632663033 0.6551724137921939 0
3084 3.204081632663033 0.6896551724129745 0
3085 3.204081632663033 0.7241379310337551 0
3086 3.204081632663033 0.7586206896545358 0
3087 3.204081632663033 0.7931034482753163 0
3088 3.204081632663033 0.827586206896097 0
3089 3.204081632663033 0.8620689655168776 0
3090 3.204081632663033 0.8965517241376582 0
3091 3.204081632663033 0.9310344827584387 0
3092 3.204081632663033 0.9655172413792195 0
3093 3.122448979602263 0.03448275862062318 0
3094 3.122448979602262 0.0689655172412412 0
3095 3.122448979602261 0.1034482758618778 0
3096 3.122448979602263 0.1379310344824967 0
3097 3.122448979602263 0.1724137931030857 0
3098 3.122448979602264 0.2068965517236747 0
3099 3.122448979602263 0.2413793103442637 0
3100 3.122448979602263 0.2758620689648527 0
3101 3.122448979602263 0.3103448275854417 0
3102 3.122448979602263 0.3448275862060307 0
3103 3.122448979602263 0.3793103448266197 0
3104 3.122448979602263 0.4137931034472087 0
3105 3.122448979602263 0.4482758620677977 0
3106 3.122448979602263 0.4827586206883868 0
3107 3.122448979602263 0.5172413793090714 0
3108 3.122448979602263 0.5517241379298521 0
3109 3.122448979602263 0.5862068965506327 0
3110 3.122448979602263 0.6206896551714133 0
3111 3.122448979602263 0.6551724137921939 0
3112 3.122448979602263 0.6896551724129745 0
3113 3.122448979602263 0.7241379310337551 0
3114 3.122448979602263 0.7586206896545358 0
3115 3.122448979602263 0.7931034482753163 0
3116 3.122448979602263 0.827586206896097 0
3117 3.122448979602263 0.8620689655168776 0
3118 3.122448979602263 0.8965517241376582 0
3119 3.122448979602263 0.9310344827584388 0
3120 3.122448979602263 0.9655172413792195 0
3121 3.040816326541492 0.03448275862062318 0
3122 3.040816326541492 0.0689655172412412 0
3123 3.040816326541491 0.1034482758618778 0
3124 3.040816326541492 0.1379310344824967 0
3125 3.040816326541491 0.1724137931030857 0
3126 3.040816326541491 0.2068965517236747 0
3127 3.040816326541491 0.2413793103442637 0
3128 3.04081632654149 0.2758620689648527 0
3129 3.040816326541491 0.3103448275854417 0
3130 3.040816326541491 0.3448275862060307 0
3131 3.040816326541492 0.3793103448266197 0
3132 3.040816326541491 0.4137931034472087 0
3133 3.040816326541491 0.4482758620677977 0
3134 3.040816326541491 0.4827586206883868 0
3135 3.040816326541491 0.5172413793090714 0
3136 3.040816326541491 0.5517241379298521 0
3137 3.040816326541491 0.5862068965506327 0
3138 3.040816326541491 0.6206896551714133 0
3139 3.040816326541491 0.6551724137921939 0
3140 3.040816326541491 0.6896551724129745 0
3141 3.040816326541491 0.7241379310337551 0
3142 3.040816326541491 0.7586206896545358 0
3143 3.040816326541491 0.7931034482753163 0
3144 3.040816326541491 0.827586206896097 0
3145 3.040816326541491 0.8620689655168776 0
3146 3.040816326541491 0.8965517241376582 0
3147 3.040816326541491 0.9310344827584388 0
3148 3.040816326541491 0.9655172413792195 0
3149 2.959183673480267 0.03448275862062318 0
3150 2.959183673480267 0.0689655172412412 0
3151 2.959183673480267 0.1034482758618778 0
3152 2.959183673480267 0.1379310344824967 0
3153 2.959183673480266 0.1724137931030857 0
3154 2.959183673480268 0.2068965517236747 0
3155 2.959183673480267 0.2413793103442637 0
3156 2.959183673480267 0.2758620689648527 0
3157 2.959183673480267 0.3103448275854417 0
3158 2.959183673480267 0.3448275862060307 0
3159 2.959183673480268 0.3793103448266197 0
3160 2.959183673480267 0.4137931034472087 0
3161 2.959183673480268 0.4482758620677977 0
3162 2.959183673480267 0.4827586206883868 0
3163 2.959183673480267 0.5172413793090714 0
3164 2.959183673480266 0.5517241379298521 0
3165 2.959183673480267 0.5862068965506327 0
3166 2.959183673480267 0.6206896551714133 0
3167 2.959183673480267 0.6551724137921939 0
3168 2.959183673480267 0.6896551724129745 0
3169 2.959183673480267 0.7241379310337551 0
3170 2.959183673480267 0.7586206896545358 0
3171 2.959183673480267 0.7931034482753163 0
3172 2.959183673480267 0.827586206896097 0
3173 2.959183673480267 0.8620689655168776 0
3174 2.959183673480267 0.8965517241376582 0
3175 2.959183673480267 0.9310344827584388 0
3176 2.959183673480267 0.9655172413792195 0
3177 2.877551020418589 0.03448275862062318 0
3178 2.877551020418589 0.0689655172412412 0
3179 2.877551020418589 0.1034482758618778 0
3180 2.877551020418589 0.1379310344824967 0
3181 2.87755102041859 0.1724137931030857 0
3182 2.877551020418589 0.2068965517236747 0
3183 2.87755102041859 0.2413793103442637 0
3184 2.87755102041859 0.2758620689648527 0
3185 2.877551020418589 0.3103448275854417 0
3186 2.87755102041859 0.3448275862060307 0
3187 2.877551020418589 0.3793103448266197 0
3188 2.877551020418589 0.4137931034472087 0
3189 2.877551020418589 0.4482758620677977 0
3190 2.877551020418589 0.4827586206883868 0
3191 2.877551020418589 0.5172413793090714 0
3192 2.877551020418589 0.5517241379298521 0
3193 2.877551020418589 0.5862068965506327 0
3194 2.877551020418589 0.6206896551714133 0
3195 2.87755102041859 0.6551724137921939 0
3196 2.877551020418589 0.6896551724129745 0
3197 2.877551020418589 0.7241379310337551 0
3198 2.87755102041859 0.7586206896545358 0
3199 2.877551020418589 0.7931034482753163 0
3200 2.877551020418589 0.827586206896097 0
3201 2.877551020418589 0.8620689655168776 0
3202 2.87755102041859 0.8965517241376582 0
3203 2.87755102041859 0.9310344827584388 0
3204 2.877551020418589 0.9655172413792195 0
3205 2.795918367356911 0.03448275862062318 0
3206 2.795918367356912 0.0689655172412412 0
3207 2.795918367356912 0.1034482758618778 0
3208 2.795918367356911 0.1379310344824967 0
3209 2.795918367356912 0.1724137931030857 0
3210 2.795918367356911 0.2068965517236747 0
3211 2.795918367356912 0.2413793103442637 0
3212 2.795918367356912 0.2758620689648527 0
3213 2.795918367356911 0.3103448275854417 0
3214 2.795918367356913 0.3448275862060307 0
3215 2.795918367356912 0.3793103448266197 0
3216 2.795918367356913 0.4137931034472087 0
3217 2.795918367356911 0.4482758620677977 0
3218 2.795918367356913 0.4827586206883868 0
3219 2.795918367356912 0.5172413793090714 0
3220 2.795918367356912 0.5517241379298521 0
3221 2.795918367356912 0.5862068965506327 0
3222 2.795918367356912 0.6206896551714133 0
3223 2.795918367356912 0.6551724137921939 0
3224 2.795918367356912 0.6896551724129745 0
3225 2.795918367356911 0.7241379310337551 0
3226 2.795918367356912 0.7586206896545358 0
3227 2.795918367356912 0.7931034482753163 0
3228 2.795918367356912 0.827586206896097 0
3229 2.795918367356912 0.8620689655168776 0
3230 2.795918367356912 0.8965517241376582 0
3231 2.795918367356912 0.9310344827584388 0
3232 2.795918367356911 0.9655172413792195 0
3233 2.714285714295234 0.03448275862062318 0
3234 2.714285714295235 0.0689655172412412 0
3235 2.714285714295233 0.1034482758618778 0
3236 2.714285714295234 0.1379310344824967 0
3237 2.714285714295235 0.1724137931030857 0
3238 2.714285714295234 0.2068965517236747 0
3239 2.714285714295234 0.2413793103442637 0
3240 2.714285714295234 0.2758620689648527 0
3241 2.714285714295234 0.3103448275854417 0
3242 2.714285714295233 0.3448275862060307 0
3243 2.714285714295234 0.3793103448266197 0
3244 2.714285714295234 0.4137931034472087 0
3245 2.714285714295234 0.4482758620677977 0
3246 2.714285714295234 0.4827586206883868 0
3247 2.714285714295234 0.5172413793090714 0
3248 2.714285714295234 0.5517241379298521 0
3249 2.714285714295234 0.5862068965506327 0
3250 2.714285714295234 0.6206896551714133 0
3251 2.714285714295234 0.6551724137921939 0
3252 2.714285714295234 0.6896551724129745 0
3253 2.714285714295234 0.7241379310337551 0
3254 2.714285714295234 0.7586206896545358 0
3255 2.714285714295234 0.7931034482753163 0
3256 2.714285714295234 0.827586206896097 0
3257 2.714285714295234 0.8620689655168776 0
3258 2.714285714295234 0.8965517241376582 0
3259 2.714285714295234 0.9310344827584388 0
3260 2.714285714295234 0.9655172413792195 0
3261 2.632653061233556 0.03448275862062318 0
3262 2.632653061233556 0.0689655172412412 0
3263 2.632653061233555 0.1034482758618778 0
3264 2.632653061233556 0.1379310344824967 0
3265 2.632653061233556 0.1724137931030857 0
3266 2.632653061233556 0.2068965517236747 0
3267 2.632653061233556 0.2413793103442637 0
3268 2.632653061233556 0.2758620689648527 0
3269 2.632653061233555 0.3103448275854417 0
3270 2.632653061233555 0.3448275862060307 0
3271 2.632653061233556 0.3793103448266197 0
3272 2.632653061233556 0.4137931034472087 0
3273 2.632653061233556 0.4482758620677977 0
3274 2.632653061233555 0.4827586206883868 0
3275 2.632653061233556 0.5172413793090714 0
3276 2.632653061233556 0.5517241379298521 0
3277 2.632653061233556 0.5862068965506327 0
3278 2.632653061233556 0.6206896551714133 0
3279 2.632653061233556 0.6551724137921939 0
3280 2.632653061233556 0.6896551724129745 0
3281 2.632653061233555 0.7241379310337551 0
3282 2.632653061233556 0.7586206896545358 0
3283 2.632653061233555 0.7931034482753163 0
3284 2.632653061233556 0.827586206896097 0
3285 2.632653061233555 0.8620689655168776 0
3286 2.632653061233556 0.8965517241376582 0
3287 2.632653061233556 0.9310344827584388 0
3288 2.632653061233555 0.9655172413792195 0
3289 2.551020408171878 0.03448275862062318 0
3290 2.551020408171878 0.0689655172412412 0
3291 2.551020408171879 0.1034482758618778 0
3292 2.551020408171878 0.1379310344824967 0
3293 2.551020408171877 0.1724137931030857 0
3294 2.551020408171878 0.2068965517236747 0
3295 2.551020408171878 0.2413793103442637 0
3296 2.551020408171878 0.2758620689648527 0
3297 2.551020408171878 0.3103448275854417 0
3298 2.551020408171878 0.3448275862060307 0
3299 2.551020408171878 0.3793103448266197 0
3300 2.551020408171878 0.4137931034472087 0
3301 2.551020408171878 0.4482758620677977 0
3302 2.551020408171878 0.4827586206883868 0
3303 2.551020408171878 0.5172413793090714 0
3304 2.551020408171878 0.5517241379298521 0
3305 2.551020408171878 0.5862068965506327 0
3306 2.551020408171878 0.6206896551714133 0
3307 2.551020408171878 0.6551724137921939 0
3308 2.551020408171878 0.6896551724129745 0
3309 2.551020408171878 0.7241379310337551 0
3310 2.551020408171878 0.7586206896545358 0
3311 2.551020408171878 0.7931034482753163 0
3312 2.551020408171878 0.827586206896097 0
3313 2.551020408171878 0.8620689655168776 0
3314 2.551020408171878 0.8965517241376582 0
3315 2.551020408171878 0.9310344827584388 0
3316 2.551020408171878 0.9655172413792195 0
3317 2.469387755110199 0.03448275862062318 0
3318 2.4693877551102 0.0689655172412412 0
3319 2.4693877551102 0.1034482758618778 0
3320 2.4693877551102 0.1379310344824967 0
3321 2.4693877551102 0.1724137931030857 0
3322 2.469387755110201 0.2068965517236747 0
3323 2.4693877551102 0.2413793103442637 0
3324 2.4693877551102 0.2758620689648527 0
3325 2.4693877551102 0.3103448275854417 0
3326 2.4693877551102 0.3448275862060307 0
3327 2.4693877551102 0.3793103448266197 0
3328 2.4693877551102 0.4137931034472087 0
3329 2.4693877551102 0.4482758620677977 0
3330 2.4693877551102 0.4827586206883868 0
3331 2.4693877551102 0.5172413793090714 0
3332 2.4693877551102 0.5517241379298521 0
3333 2.4693877551102 0.5862068965506327 0
3334 2.4693877551102 0.6206896551714133 0
3335 2.4693877551102 0.6551724137921939 0
3336 2.4693877551102 0.6896551724129745 0
3337 2.4693877551102 0.7241379310337551 0
3338 2.4693877551102 0.7586206896545358 0
3339 2.4693877551102 0.7931034482753163 0
3340 2.4693877551102 0.8275862068960971 0
3341 2.4693877551102 0.8620689655168776 0
3342 2.4693877551102 0.8965517241376582 0
3343 2.4693877551102 0.9310344827584388 0
3344 2.4693877551102 0.9655172413792195 0
3345 2.387755102048523 0.03448275862062318 0
3346 2.387755102048523 0.0689655172412412 0
3347 2.387755102048522 0.1034482758618778 0
3348 2.387755102048523 0.1379310344824967 0
3349 2.387755102048523 0.1724137931030857 0
3350 2.387755102048522 0.2068965517236747 0
3351 2.387755102048523 0.2413793103442637 0
3352 2.387755102048523 0.2758620689648527 0
3353 2.387755102048523 0.3103448275854417 0
3354 2.387755102048523 0.3448275862060307 0
3355 2.387755102048523 0.3793103448266197 0
3356 2.387755102048523 0.4137931034472087 0
3357 2.387755102048523 0.4482758620677977 0
3358 2.387755102048523 0.4827586206883868 0
3359 2.387755102048523 0.5172413793090714 0
3360 2.387755102048523 0.5517241379298521 0
3361 2.387755102048523 0.5862068965506327 0
3362 2.387755102048523 0.6206896551714133 0
3363 2.387755102048523 0.6551724137921939 0
3364 2.387755102048523 0.6896551724129745 0
3365 2.387755102048523 0.7241379310337551 0
3366 2.387755102048523 0.7586206896545358 0
3367 2.387755102048523 0.7931034482753163 0
3368 2.387755102048523 0.8275862068960969 0
3369 2.387755102048523 0.8620689655168776 0
3370 2.387755102048523 0.8965517241376582 0
3371 2.387755102048523 0.9310344827584388 0
3372 2.387755102048523 0.9655172413792195 0
3373 2.306122448986845 0.03448275862062318 0
3374 2.306122448986844 0.0689655172412412 0
3375 2.306122448986844 0.1034482758618778 0
3376 2.306122448986846 0.1379310344824967 0
3377 2.306122448986845 0.1724137931030857 0
3378 2.306122448986845 0.2068965517236747 0
3379 2.306122448986844 0.2413793103442637 0
3380 2.306122448986845 0.2758620689648527 0
3381 2.306122448986845 0.3103448275854417 0
3382 2.306122448986845 0.3448275862060307 0
3383 2.306122448986845 0.3793103448266197 0
3384 2.306122448986844 0.4137931034472087 0
3385 2.306122448986845 0.4482758620677977 0
3386 2.306122448986844 0.4827586206883868 0
3387 2.306122448986844 0.5172413793090714 0
3388 2.306122448986845 0.5517241379298521 0
3389 2.306122448986845 0.5862068965506327 0
3390 2.306122448986844 0.6206896551714133 0
3391 2.306122448986845 0.6551724137921939 0
3392 2.306122448986845 0.6896551724129745 0
3393 2.306122448986845 0.7241379310337551 0
3394 2.306122448986845 0.7586206896545358 0
3395 2.306122448986845 0.7931034482753163 0
3396 2.306122448986844 0.8275862068960971 0
3397 2.306122448986844 0.8620689655168776 0
3398 2.306122448986845 0.8965517241376582 0
3399 2.306122448986845 0.9310344827584388 0
3400 2.306122448986845 0.9655172413792195 0
3401 2.224489795925167 0.03448275862062318 0
3402 2.224489795925167 0.0689655172412412 0
3403 2.224489795925167 0.1034482758618778 0
3404 2.224489795925167 0.1379310344824967 0
3405 2.224489795925167 0.1724137931030857 0
3406 2.224489795925167 0.2068965517236747 0
3407 2.224489795925167 0.2413793103442637 0
3408 2.224489795925168 0.2758620689648527 0
3409 2.224489795925168 0.3103448275854417 0
3410 2.224489795925168 0.3448275862060307 0
3411 2.224489795925167 0.3793103448266197 0
3412 2.224489795925168 0.4137931034472087 0
3413 2.224489795925167 0.4482758620677977 0
3414 2.224489795925168 0.4827586206883867 0
3415 2.224489795925167 0.5172413793090714 0
3416 2.224489795925167 0.5517241379298521 0
3417 2.224489795925167 0.5862068965506327 0
3418 2.224489795925167 0.6206896551714133 0
3419 2.224489795925167 0.6551724137921939 0
3420 2.224489795925167 0.6896551724129745 0
3421 2.224489795925167 0.7241379310337551 0
3422 2.224489795925167 0.7586206896545358 0
3423 2.224489795925167 0.7931034482753163 0
3424 2.224489795925168 0.8275862068960969 0
3425 2.224489795925168 0.8620689655168776 0
3426 2.224489795925167 0.8965517241376582 0
3427 2.224489795925167 0.9310344827584388 0
3428 2.224489795925168 0.9655172413792195 0
3429 2.142857142863489 0.03448275862062318 0
3430 2.142857142863489 0.0689655172412412 0
3431 2.14285714286349 0.1034482758618778 0
3432 2.142857142863489 0.1379310344824967 0
3433 2.142857142863489 0.1724137931030857 0
3434 2.142857142863489 0.2068965517236747 0
3435 2.142857142863489 0.2413793103442637 0
3436 2.14285714286349 0.2758620689648527 0
3437 2.142857142863489 0.3103448275854417 0
3438 2.142857142863489 0.3448275862060307 0
3439 2.142857142863489 0.3793103448266197 0
3440 2.142857142863489 0.4137931034472087 0
3441 2.142857142863489 0.4482758620677977 0
3442 2.142857142863489 0.4827586206883867 0
3443 2.142857142863489 0.5172413793090714 0
3444 2.142857142863489 0.5517241379298521 0
3445 2.142857142863489 0.5862068965506327 0
3446 2.142857142863489 0.6206896551714133 0
3447 2.142857142863489 0.6551724137921939 0
3448 2.142857142863489 0.6896551724129745 0
3449 2.142857142863489 0.7241379310337551 0
3450 2.142857142863489 0.7586206896545358 0
3451 2.142857142863489 0.7931034482753163 0
3452 2.142857142863489 0.827586206896097 0
3453 2.142857142863489 0.8620689655168776 0
3454 2.142857142863489 0.8965517241376582 0
3455 2.142857142863489 0.9310344827584388 0
3456 2.142857142863489 0.9655172413792195 0
3457 2.061224489801811 0.03448275862062318 0
3458 2.061224489801811 0.0689655172412412 0
3459 2.061224489801811 0.1034482758618778 0
3460 2.061224489801811 0.1379310344824967 0
3461 2.061224489801812 0.1724137931030857 0
3462 2.061224489801812 0.2068965517236747 0
3463 2.061224489801811 0.2413793103442637 0
3464 2.061224489801811 0.2758620689648527 0
3465 2.061224489801811 0.3103448275854417 0
3466 2.061224489801811 0.3448275862060307 0
3467 2.061224489801811 0.3793103448266197 0
3468 2.061224489801811 0.4137931034472087 0
3469 2.061224489801811 0.4482758620677977 0
3470 2.061224489801812 0.4827586206883868 0
3471 2.061224489801812 0.5172413793090714 0
3472 2.061224489801811 0.5517241379298521 0
3473 2.061224489801811 0.5862068965506327 0
3474 2.061224489801811 0.6206896551714133 0
3475 2.061224489801811 0.6551724137921939 0
3476 2.061224489801811 0.6896551724129745 0
3477 2.061224489801812 0.7241379310337551 0
3478 2.061224489801811 0.7586206896545358 0
3479 2.061224489801811 0.7931034482753163 0
3480 2.061224489801811 0.827586206896097 0
3481 2.061224489801811 0.8620689655168776 0
3482 2.061224489801812 0.8965517241376582 0
3483 2.061224489801811 0.9310344827584388 0
3484 2.061224489801811 0.9655172413792195 0
3485 1.979591836740133 0.03448275862062318 0
3486 1.979591836740134 0.0689655172412412 0
3487 1.979591836740134 0.1034482758618778 0
3488 1.979591836740134 0.1379310344824967 0
3489 1.979591836740134 0.1724137931030857 0
3490 1.979591836740133 0.2068965517236747 0
3491 1.979591836740134 0.2413793103442637 0
3492 1.979591836740134 0.2758620689648527 0
3493 1.979591836740134 0.3103448275854417 0
3494 1.979591836740134 0.3448275862060307 0
3495 1.979591836740134 0.3793103448266197 0
3496 1.979591836740134 0.4137931034472087 0
3497 1.979591836740134 0.4482758620677977 0
3498 1.979591836740134 0.4827586206883868 0
3499 1.979591836740134 0.5172413793090714 0
3500 1.979591836740134 0.5517241379298521 0
3501 1.979591836740134 0.5862068965506327 0
3502 1.979591836740134 0.6206896551714133 0
3503 1.979591836740134 0.6551724137921939 0
3504 1.979591836740134 0.6896551724129745 0
3505 1.979591836740134 0.7241379310337551 0
3506 1.979591836740134 0.7586206896545358 0
3507 1.979591836740134 0.7931034482753163 0
3508 1.979591836740134 0.827586206896097 0
3509 1.979591836740134 0.8620689655168776 0
3510 1.979591836740134 0.8965517241376582 0
3511 1.979591836740134 0.9310344827584388 0
3512 1.979591836740134 0.9655172413792195 0
3513 1.897959183678456 0.03448275862062318 0
3514 1.897959183678456 0.0689655172412412 0
3515 1.897959183678456 0.1034482758618778 0
3516 1.897959183678456 0.1379310344824967 0
3517 1.897959183678456 0.1724137931030857 0
3518 1.897959183678456 0.2068965517236747 0
3519 1.897959183678456 0.2413793103442637 0
3520 1.897959183678455 0.2758620689648527 0
3521 1.897959183678456 0.3103448275854417 0
3522 1.897959183678456 0.3448275862060307 0
3523 1.897959183678455 0.3793103448266197 0
3524 1.897959183678456 0.4137931034472087 0
3525 1.897959183678456 0.4482758620677977 0
3526 1.897959183678456 0.4827586206883868 0
3527 1.897959183678456 0.5172413793090714 0
3528 1.897959183678456 0.5517241379298521 0
3529 1.897959183678456 0.5862068965506327 0
3530 1.897959183678456 0.6206896551714133 0
3531 1.897959183678456 0.6551724137921939 0
3532 1.897959183678456 0.6896551724129745 0
3533 1.897959183678456 0.7241379310337551 0
3534 1.897959183678456 0.7586206896545358 0
3535 1.897959183678456 0.7931034482753163 0
3536 1.897959183678456 0.827586206896097 0
3537 1.897959183678456 0.8620689655168776 0
3538 1.897959183678456 0.8965517241376582 0
3539 1.897959183678456 0.9310344827584388 0
3540 1.897959183678456 0.9655172413792195 0
3541 1.816326530616778 0.03448275862062318 0
3542 1.816326530616778 0.0689655172412412 0
3543 1.816326530616779 0.1034482758618778 0
3544 1.816326530616778 0.1379310344824967 0
3545 1.816326530616778 0.1724137931030856 0
3546 1.816326530616778 0.2068965517236747 0
3547 1.816326530616778 0.2413793103442637 0
3548 1.816326530616778 0.2758620689648527 0
3549 1.816326530616778 0.3103448275854417 0
3550 1.816326530616778 0.3448275862060307 0
3551 1.816326530616779 0.3793103448266197 0
3552 1.816326530616778 0.4137931034472087 0
3553 1.816326530616778 0.4482758620677977 0
3554 1.816326530616778 0.4827586206883868 0
3555 1.816326530616778 0.5172413793090714 0
3556 1.816326530616778 0.5517241379298521 0
3557 1.816326530616778 0.5862068965506327 0
3558 1.816326530616778 0.6206896551714133 0
3559 1.816326530616778 0.6551724137921939 0
3560 1.816326530616778 0.6896551724129745 0
3561 1.816326530616778 0.7241379310337551 0
3562 1.816326530616778 0.7586206896545358 0
3563 1.816326530616778 0.7931034482753163 0
3564 1.816326530616778 0.827586206896097 0
3565 1.816326530616778 0.8620689655168776 0
3566 1.816326530616778 0.8965517241376582 0
3567 1.816326530616778 0.9310344827584388 0
3568 1.816326530616778 0.9655172413792195 0
3569 1.7346938775551 0.03448275862062318 0
3570 1.7346938775551 0.0689655172412412 0
3571 1.7346938775551 0.1034482758618778 0
3572 1.7346938775551 0.1379310344824967 0
3573 1.7346938775551 0.1724137931030857 0
3574 1.7346938775551 0.2068965517236747 0
3575 1.7346938775551 0.2413793103442637 0
3576 1.7346938775551 0.2758620689648527 0
3577 1.7346938775551 0.3103448275854417 0
3578 1.7346938775551 0.3448275862060307 0
3579 1.7346938775551 0.3793103448266197 0
3580 1.7346938775551 0.4137931034472087 0
3581 1.7346938775551 0.4482758620677977 0
3582 1.7346938775551 0.4827586206883868 0
3583 1.7346938775551 0.5172413793090714 0
3584 1.7346938775551 0.5517241379298521 0
3585 1.7346938775551 0.5862068965506327 0
3586 1.7346938775551 0.6206896551714133 0
3587 1.7346938775551 0.6551724137921939 0
3588 1.7346938775551 0.6896551724129745 0
3589 1.7346938775551 0.7241379310337551 0
3590 1.7346938775551 0.7586206896545358 0
3591 1.7346938775551 0.7931034482753163 0
3592 1.7346938775551 0.827586206896097 0
3593 1.7346938775551 0.8620689655168776 0
3594 1.7346938775551 0.8965517241376582 0
3595 1.7346938775551 0.9310344827584388 0
3596 1.7346938775551 0.9655172413792195 0
3597 1.653061224493422 0.03448275862062318 0
3598 1.653061224493423 0.0689655172412412 0
3599 1.653061224493423 0.1034482758618778 0
3600 1.653061224493423 0.1379310344824967 0
3601 1.653061224493423 0.1724137931030857 0
3602 1.653061224493422 0.2068965517236747 0
3603 1.653061224493422 0.2413793103442637 0
3604 1.653061224493422 0.2758620689648527 0
3605 1.653061224493423 0.3103448275854417 0
3606 1.653061224493423 0.3448275862060307 0
3607 1.653061224493423 0.3793103448266197 0
3608 1.653061224493423 0.4137931034472087 0
3609 1.653061224493423 0.4482758620677977 0
3610 1.653061224493423 0.4827586206883868 0
3611 1.653061224493423 0.5172413793090714 0
3612 1.653061224493422 0.5517241379298521 0
3613 1.653061224493423 0.5862068965506327 0
3614 1.653061224493423 0.6206896551714133 0
3615 1.653061224493422 0.6551724137921939 0
3616 1.653061224493423 0.6896551724129745 0
3617 1.653061224493423 0.7241379310337551 0
3618 1.653061224493422 0.7586206896545358 0
3619 1.653061224493423 0.7931034482753163 0
3620 1.653061224493423 0.827586206896097 0
3621 1.653061224493423 0.8620689655168776 0
3622 1.653061224493423 0.8965517241376582 0
3623 1.653061224493423 0.9310344827584388 0
3624 1.653061224493423 0.9655172413792195 0
3625 1.571428571431745 0.03448275862062318 0
3626 1.571428571431745 0.0689655172412412 0
3627 1.571428571431745 0.1034482758618778 0
3628 1.571428571431744 0.1379310344824967 0
3629 1.571428571431745 0.1724137931030857 0
3630 1.571428571431745 0.2068965517236747 0
3631 1.571428571431744 0.2413793103442637 0
3632 1.571428571431745 0.2758620689648527 0
3633 1.571428571431745 0.3103448275854417 0
3634 1.571428571431745 0.3448275862060307 0
3635 1.571428571431745 0.3793103448266197 0
3636 1.571428571431745 0.4137931034472088 0
3637 1.571428571431745 0.4482758620677977 0
3638 1.571428571431745 0.4827586206883868 0
3639 1.571428571431745 0.5172413793090714 0
3640 1.571428571431745 0.5517241379298521 0
3641 1.571428571431745 0.5862068965506327 0
3642 1.571428571431745 0.6206896551714133 0
3643 1.571428571431745 0.6551724137921939 0
3644 1.571428571431745 0.6896551724129745 0
3645 1.571428571431745 0.7241379310337551 0
3646 1.571428571431745 0.7586206896545358 0
3647 1.571428571431745 0.7931034482753163 0
3648 1.571428571431745 0.827586206896097 0
3649 1.571428571431745 0.8620689655168776 0
3650 1.571428571431745 0.8965517241376582 0
3651 1.571428571431745 0.9310344827584388 0
3652 1.571428571431745 0.9655172413792195 0
3653 1.489795918370067 0.03448275862062318 0
3654 1.489795918370067 0.0689655172412412 0
3655 1.489795918370067 0.1034482758618778 0
3656 1.489795918370067 0.1379310344824967 0
3657 1.489795918370067 0.1724137931030857 0
3658 1.489795918370067 0.2068965517236747 0
3659 1.489795918370066 0.2413793103442637 0
3660 1.489795918370067 0.2758620689648527 0
3661 1.489795918370067 0.3103448275854417 0
3662 1.489795918370066 0.3448275862060307 0
3663 1.489795918370067 0.3793103448266197 0
3664 1.489795918370067 0.4137931034472087 0
3665 1.489795918370067 0.4482758620677977 0
3666 1.489795918370067 0.4827586206883868 0
3667 1.489795918370067 0.5172413793090714 0
3668 1.489795918370067 0.5517241379298521 0
3669 1.489795918370067 0.5862068965506327 0
3670 1.489795918370067 0.6206896551714133 0
3671 1.489795918370067 0.6551724137921939 0
3672 1.489795918370067 0.6896551724129745 0
3673 1.489795918370067 0.7241379310337551 0
3674 1.489795918370067 0.7586206896545358 0
3675 1.489795918370067 0.7931034482753163 0
3676 1.489795918370067 0.827586206896097 0
3677 1.489795918370067 0.8620689655168776 0
3678 1.489795918370067 0.8965517241376582 0
3679 1.489795918370067 0.9310344827584388 0
3680 1.489795918370067 0.9655172413792195 0
3681 1.408163265308389 0.03448275862062318 0
3682 1.40816326530839 0.0689655172412412 0
3683 1.40816326530839 0.1034482758618778 0
3684 1.408163265308389 0.1379310344824967 0
3685 1.408163265308389 0.1724137931030857 0
3686 1.408163265308389 0.2068965517236747 0
3687 1.408163265308389 0.2413793103442637 0
3688 1.408163265308389 0.2758620689648527 0
3689 1.408163265308389 0.3103448275854417 0
3690 1.408163265308389 0.3448275862060307 0
3691 1.408163265308389 0.3793103448266197 0
3692 1.408163265308389 0.4137931034472087 0
3693 1.408163265308389 0.4482758620677977 0
3694 1.408163265308389 0.4827586206883867 0
3695 1.408163265308389 0.5172413793090714 0
3696 1.408163265308389 0.5517241379298521 0
3697 1.408163265308389 0.5862068965506327 0
3698 1.408163265308389 0.6206896551714133 0
3699 1.408163265308389 0.6551724137921939 0
3700 1.408163265308389 0.6896551724129745 0
3701 1.408163265308389 0.7241379310337551 0
3702 1.408163265308389 0.7586206896545358 0
3703 1.408163265308389 0.7931034482753163 0
3704 1.408163265308389 0.8275862068960969 0
3705 1.408163265308389 0.8620689655168776 0
3706 1.408163265308389 0.8965517241376582 0
3707 1.408163265308389 0.9310344827584388 0
3708 1.408163265308389 0.9655172413792195 0
3709 1.326530612246712 0.03448275862062318 0
3710 1.326530612246712 0.0689655172412412 0
3711 1.326530612246711 0.1034482758618778 0
3712 1.326530612246712 0.1379310344824967 0
3713 1.326530612246712 0.1724137931030857 0
3714 1.326530612246711 0.2068965517236747 0
3715 1.326530612246712 0.2413793103442637 0
3716 1.326530612246712 0.2758620689648527 0
3717 1.326530612246712 0.3103448275854417 0
3718 1.326530612246711 0.3448275862060307 0
3719 1.326530612246712 0.3793103448266197 0
3720 1.326530612246712 0.4137931034472087 0
3721 1.326530612246712 0.4482758620677977 0
3722 1.326530612246712 0.4827586206883868 0
3723 1.326530612246712 0.5172413793090714 0
3724 1.326530612246712 0.5517241379298521 0
3725 1.326530612246712 0.5862068965506327 0
3726 1.326530612246712 0.6206896551714133 0
3727 1.326530612246712 0.6551724137921939 0
3728 1.326530612246712 0.6896551724129745 0
3729 1.326530612246712 0.7241379310337551 0
3730 1.326530612246712 0.7586206896545358 0
3731 1.326530612246712 0.7931034482753163 0
3732 1.326530612246712 0.827586206896097 0
3733 1.326530612246712 0.8620689655168776 0
3734 1.326530612246712 0.8965517241376582 0
3735 1.326530612246712 0.9310344827584388 0
3736 1.326530612246712 0.9655172413792195 0
3737 1.244897959185034 0.03448275862062318 0
3738 1.244897959185034 0.0689655172412412 0
3739 1.244897959185034 0.1034482758618778 0
3740 1.244897959185034 0.1379310344824967 0
3741 1.244897959185034 0.1724137931030857 0
3742 1.244897959185034 0.2068965517236747 0
3743 1.244897959185034 0.2413793103442637 0
3744 1.244897959185034 0.2758620689648527 0
3745 1.244897959185034 0.3103448275854417 0
3746 1.244897959185034 0.3448275862060307 0
3747 1.244897959185034 0.3793103448266197 0
3748 1.244897959185033 0.4137931034472087 0
3749 1.244897959185034 0.4482758620677977 0
3750 1.244897959185034 0.4827586206883868 0
3751 1.244897959185034 0.5172413793090714 0
3752 1.244897959185034 0.5517241379298521 0
3753 1.244897959185034 0.5862068965506327 0
3754 1.244897959185034 0.6206896551714133 0
3755 1.244897959185034 0.6551724137921939 0
3756 1.244897959185033 0.6896551724129745 0
3757 1.244897959185034 0.7241379310337551 0
3758 1.244897959185034 0.7586206896545358 0
3759 1.244897959185034 0.7931034482753163 0
3760 1.244897959185034 0.8275862068960971 0
3761 1.244897959185034 0.8620689655168776 0
3762 1.244897959185034 0.8965517241376582 0
3763 1.244897959185034 0.9310344827584388 0
3764 1.244897959185034 0.9655172413792195 0
3765 1.163265306123356 0.03448275862062318 0
3766 1.163265306123356 0.0689655172412412 0
3767 1.163265306123356 0.1034482758618778 0
3768 1.163265306123356 0.1379310344824967 0
3769 1.163265306123356 0.1724137931030857 0
3770 1.163265306123356 0.2068965517236747 0
3771 1.163265306123356 0.2413793103442637 0
3772 1.163265306123356 0.2758620689648527 0
3773 1.163265306123356 0.3103448275854417 0
3774 1.163265306123356 0.3448275862060307 0
3775 1.163265306123356 0.3793103448266197 0
3776 1.163265306123356 0.4137931034472087 0
3777 1.163265306123356 0.4482758620677977 0
3778 1.163265306123356 0.4827586206883868 0
3779 1.163265306123356 0.5172413793090714 0
3780 1.163265306123356 0.5517241379298521 0
3781 1.163265306123356 0.5862068965506327 0
3782 1.163265306123356 0.6206896551714133 0
3783 1.163265306123356 0.6551724137921939 0
3784 1.163265306123356 0.6896551724129745 0
3785 1.163265306123356 0.7241379310337551 0
3786 1.163265306123356 0.7586206896545358 0
3787 1.163265306123356 0.7931034482753163 0
3788 1.163265306123356 0.827586206896097 0
3789 1.163265306123356 0.8620689655168776 0
3790 1.163265306123356 0.8965517241376582 0
3791 1.163265306123356 0.9310344827584388 0
3792 1.163265306123356 0.9655172413792195 0
3793 1.081632653061677 0.03448275862062318 0
3794 1.081632653061678 0.0689655172412412 0
3795 1.081632653061678 0.1034482758618778 0
3796 1.081632653061678 0.1379310344824967 0
3797 1.081632653061678 0.1724137931030857 0
3798 1.081632653061678 0.2068965517236747 0
3799 1.081632653061678 0.2413793103442637 0
3800 1.081632653061678 0.2758620689648527 0
3801 1.081632653061678 0.3103448275854417 0
3802 1.081632653061678 0.3448275862060307 0
3803 1.081632653061677 0.3793103448266197 0
3804 1.081632653061678 0.4137931034472087 0
3805 1.081632653061678 0.4482758620677977 0
3806 1.081632653061678 0.4827586206883868 0
3807 1.081632653061678 0.5172413793090714 0
3808 1.081632653061678 0.5517241379298521 0
3809 1.081632653061677 0.5862068965506327 0
3810 1.081632653061678 0.6206896551714133 0
3811 1.081632653061678 0.6551724137921939 0
3812 1.081632653061678 0.6896551724129745 0
3813 1.081632653061678 0.7241379310337551 0
3814 1.081632653061678 0.7586206896545358 0
3815 1.081632653061678 0.7931034482753163 0
3816 1.081632653061678 0.827586206896097 0
3817 1.081632653061678 0.8620689655168776 0
3818 1.081632653061678 0.8965517241376582 0
3819 1.081632653061678 0.9310344827584388 0
3820 1.081632653061678 0.9655172413792195 0
$EndNodes
$Elements
3955
1 1 2 3 1 1 9
2 1 2 3 1 9 10
3 1 2 3 1 10 11
4 1 2 3 1 11 12
5 1 2 3 1 12 13
6 1 2 3 1 13 14
7 1 2 3 1 14 15
8 1 2 3 1 15 16
9 1 2 3 1 16 17
10 1 2 3 1 17 18
11 1 2 3 1 18 19
12 1 2 3 1 19 20
13 1 2 3 1 20 21
14 1 2 3 1 21 22
15 1 2 3 1 22 23
16 1 2 3 1 23 24
17 1 2 3 1 24 25
18 1 2 3 1 25 26
19 1 2 3 1 26 27
20 1 2 3 1 27 28
21 1 2 3 1 28 29
22 1 2 3 1 29 30
23 1 2 3 1 30 31
24 1 2 3 1 31 32
25 1 2 3 1 32 33
26 1 2 3 1 33 34
27 1 2 3 1 34 35
28 1 2 3 1 35 36
29 1 2 3 1 36 2
30 1 2 3 3 3 65
31 1 2 3 3 65 66
32 1 2 3 3 66 67
33 1 2 3 3 67 68
34 1 2 3 3 68 69
35 1 2 3 3 69 70
36 1 2 3 3 70 71
37 1 2 3 3 71 72
38 1 2 3 3 72 73
39 1 2 3 3 73 74
40 1 2 3 3 74 75
41 1 2 3 3 75 76
42 1 2 3 3 76 77
43 1 2 3 3 77 78
44 1 2 3 3 78 79
45 1 2 3 3 79 80
46 1 2 3 3 80 81
47 1 2 3 3 81 82
48 1 2 3 3 82 83
49 1 2 3 3 83 84
50 1 2 3 3 84 85
51 1 2 3 3 85 86
52 1 2 3 3 86 87
53 1 2 3 3 87 88
54 1 2 3 3 88 89
55 1 2 3 3 89 90
56 1 2 3 3 90 91
57 1 2 3 3 91 92
58 1 2 3 3 92 4
59 1 2 1 4 4 93
60 1 2 1 4 93 94
61 1 2 1 4 94 95
62 1 2 1 4 95 96
63 1 2 1 4 96 97
64 1 2 1 4 97 98
65 1 2 1 4 98 99
66 1 2 1 4 99 100
67 1 2 1 4 100 101
68 1 2 1 4 101 102
69 1 2 1 4 102 103
70 1 2 1 4 103 104
71 1 2 1 4 104 105
72 1 2 1 4 105 106
73 1 2 1 4 106 107
74 1 2 1 4 107 108
75 1 2 1 4 108 109
76 1 2 1 4 109 110
77 1 2 1 4 110 111
78 1 2 1 4 111 112
79 1 2 1 4 112 113
80 1 2 1 4 113 114
81 1 2 1 4 114 115
82 1 2 1 4 115 116
83 1 2 1 4 116 117
84 1 2 1 4 117 118
85 1 2 1 4 118 119
86 1 2 1 4 119 120
87 1 2 1 4 120 1
88 1 2 3 5 5 121
89 1 2 3 5 121 122
90 1 2 3 5 122 123
91 1 2 3 5 123 124
92 1 2 3 5 124 125
93 1 2 3 5 125 126
94 1 2 3 5 126 127
95 1 2 3 5 127 128
96 1 2 3 5 128 129
97 1 2 3 5 129 130
98 1 2 3 5 130 131
99 1 2 3 5 131 132
100 1 2 3 5 132 133
101 1 2 3 5 133 134
102 1 2 3 5 134 135
103 1 2 3 5 135 136
104 1 2 3 5 136 137
105 1 2 3 5 137 138
106 1 2 3 5 138 139
107 1 2 3 5 139 140
108 1 2 3 5 140 141
109 1 2 3 5 141 142
110 1 2 3 5 142 143
111 1 2 3 5 143 144
112 1 2 3 5 144 145
113 1 2 3 5 145 146
114 1 2 3 5 146 147
115 1 2 3 5 147 148
116 1 2 3 5 148 149
117 1 2 3 5 149 150
118 1 2 3 5 150 151
119 1 2 3 5 151 152
120 1 2 3 5 152 153
121 1 2 3 5 153 154
122 1 2 3 5 154 155
123 1 2 3 5 155 156
124 1 2 3 5 156 157
125 1 2 3 5 157 158
126 1 2 3 5 158 159
127 1 2 3 5 159 160
128 1 2 3 5 160 161
129 1 2 3 5 161 162
130 1 2 3 5 162 163
131 1 2 3 5 163 164
132 1 2 3 5 164 165
133 1 2 3 5 165 166
134 1 2 3 5 166 167
135 1 2 3 5 167 168
136 1 2 3 5 168 6
137 1 2 2 6 6 169
138 1 2 2 6 169 170
139 1 2 2 6 170 171
140 1 2 2 6 171 172
141 1 2 2 6 172 173
142 1 2 2 6 173 174
143 1 2 2 6 174 175
144 1 2 2 6 175 176
145 1 2 2 6 176 177
146 1 2 2 6 177 178
147 1 2 2 6 178 179
148 1 2 2 6 179 180
149 1 2 2 6 180 181
150 1 2 2 6 181 182
151 1 2 2 6 182 183
152 1 2 2 6 183 184
153 1 2 2 6 184 185
154 1 2 2 6 185 186
155 1 2 2 6 186 187
156 1 2 2 6 187 188
157 1 2 2 6 188 189
158 1 2 2 6 189 190
159 1 2 2 6 190 191
160 1 2 2 6 191 192
161 1 2 2 6 192 193
162 1 2 2 6 193 194
163 1 2 2 6 194 195
164 1 2 2 6 195 196
165 1 2 2 6 196 7
166 1 2 3 8 2 245
167 1 2 3 8 245 246
168 1 2 3 8 246 247
169 1 2 3 8 247 248
170 1 2 3 8 248 249
171 1 2 3 8 249 250
172 1 2 3 8 250 251
173 1 2 3 8 251 252
174 1 2 3 8 252 253
175 1 2 3 8 253 254
176 1 2 3 8 254 255
177 1 2 3 8 255 256
178 1 2 3 8 256 257
179 1 2 3 8 257 258
180 1 2 3 8 258 259
181 1 2 3 8 259 260
182 1 2 3 8 260 261
183 1 2 3 8 261 262
184 1 2 3 8 262 263
185 1 2 3 8 263 264
186 1 2 3 8 264 265
187 1 2 3 8 265 266
188 1 2 3 8 266 267
189 1 2 3 8 267 268
190 1 2 3 8 268 269
191 1 2 3 8 269 270
192 1 2 3 8 270 271
193 1 2 3 8 271 272
194 1 2 3 8 272 5
195 1 2 2 9 7 273
196 1 2 2 9 273 274
197 1 2 2 9 274 275
198 1 2 2 9 275 276
199 1 2 2 9 276 277
200 1 2 2 9 277 278
201 1 2 2 9 278 279
202 1 2 2 9 279 280
203 1 2 2 9 280 281
204 1 2 2 9 281 282
205 1 2 2 9 282 283
206 1 2 2 9 283 284
207 1 2 2 9 284 285
208 1 2 2 9 285 286
209 1 2 2 9 286 287
210 1 2 2 9 287 288
211 1 2 2 9 288 289
212 1 2 2 9 289 290
213 1 2 2 9 290 291
214 1 2 2 9 291 292
215 1 2 2 9 292 293
216 1 2 2 9 293 294
217 1 2 2 9 294 295
218 1 2 2 9 295 296
219 1 2 2 9 296 297
220 1 2 2 9 297 298
221 1 2 2 9 298 299
222 1 2 2 9 299 300
223 1 2 2 9 300 8
224 1 2 3 10 8 301
225 1 2 3 10 301 302
226 1 2 3 10 302 303
227 1 2 3 10 303 304
228 1 2 3 10 304 305
229 1 2 3 10 305 306
230 1 2 3 10 306 307
231 1 2 3 10 307 308
232 1 2 3 10 308 309
233 1 2 3 10 309 310
234 1 2 3 10 310 311
235 1 2 3 10 311 312
236 1 2 3 10 312 313
237 1 2 3 10 313 314
238 1 2 3 10 314 315
239 1 2 3 10 315 316
240 1 2 3 10 316 317
241 1 2 3 10 317 318
242 1 2 3 10 318 319
243 1 2 3 10 319 320
244 1 2 3 10 320 321
245 1 2 3 10 321 322
246 1 2 3 10 322 323
247 1 2 3 10 323 324
248 1 2 3 10 324 325
249 1 2 3 10 325 326
250 1 2 3 10 326 327
251 1 2 3 10 327 328
252 1 2 3 10 328 329
253 1 2 3 10 329 330
254 1 2 3 10 330 331
255 1 2 3 10 331 332
256 1 2 3 10 332 333
257 1 2 3 10 333 334
258 1 2 3 10 334 335
259 1 2 3 10 335 336
260 1 2 3 10 336 337
261 1 2 3 10 337 338
262 1 2 3 10 338 339
263 1 2 3 10 339 340
264 1 2 3 10 340 341
265 1 2 3 10 341 342
266 1 2 3 10 342 343
267 1 2 3 10 343 344
268 1 2 3 10 344 345
269 1 2 3 10 345 346
270 1 2 3 10 346 347
271 1 2 3 10 347 348
272 1 2 3 10 348 3
273 3 2 10 1 1 9 349 120
274 3 2 10 1 120 349 350 119
275 3 2 10 1 119 350 351 118
276 3 2 10 1 118 351 352 117
277 3 2 10 1 117 352 353 116
278 3 2 10 1 116 353 354 115
279 3 2 10 1 115 354 355 114
280 3 2 10 1 114 355 356 113
281 3 2 10 1 113 356 357 112
282 3 2 10 1 112 357 358 111
283 3 2 10 1 111 358 359 110
284 3 2 10 1 110 359 360 109
285 3 2 10 1 109 360 361 108
286 3 2 10 1 108 361 362 107
287 3 2 10 1 107 362 363 106
288 3 2 10 1 106 363 364 105
289 3 2 10 1 105 364 365 104
290 3 2 10 1 104 365 366 103
291 3 2 10 1 103 366 367 102
292 3 2 10 1 102 367 368 101
293 3 2 10 1 101 368 369 100
294 3 2 10 1 100 369 370 99
295 3 2 10 1 99 370 371 98
296 3 2 10 1 98 371 372 97
297 3 2 10 1 97 372 373 96
298 3 2 10 1 96 373 374 95
299 3 2 10 1 95 374 375 94
300 3 2 10 1 94 375 376 93
301 3 2 10 1 93 376 92 4
302 3 2 10 1 9 10 377 349
303 3 2 10 1 349 377 378 350
304 3 2 10 1 350 378 379 351
305 3 2 10 1 351 379 380 352
306 3 2 10 1 352 380 381 353
307 3 2 10 1 353 381 382 354
308 3 2 10 1 354 382 383 355
309 3 2 10 1 355 383 384 356
310 3 2 10 1 356 384 385 357
311 3 2 10 1 357 385 386 358
312 3 2 10 1 358 386 387 359
313 3 2 10 1 359 387 388 360
314 3 2 10 1 360 388 389 361
315 3 2 10 1 361 389 390 362
316 3 2 10 1 362 390 391 363
317 3 2 10 1 363 391 392 364
318 3 2 10 1 364 392 393 365
319 3 2 10 1 365 393 394 366
320 3 2 10 1 366 394 395 367
321 3 2 10 1 367 395 396 368
322 3 2 10 1 368 396 397 369
323 3 2 10 1 369 397 398 370
324 3 2 10 1 370 398 399 371
325 3 2 10 1 371 399 400 372
326 3 2 10 1 372 400 401 373
327 3 2 10 1 373 401 402 374
328 3 2 10 1 374 402 403 375
329 3 2 10 1 375 403 404 376
330 3 2 10 1 376 404 91 92
331 3 2 10 1 10 11 405 377
332 3 2 10 1 377 405 406 378
333 3 2 10 1 378 406 407 379
334 3 2 10 1 379 407 408 380
335 3 2 10 1 380 408 409 381
336 3 2 10 1 381 409 410 382
337 3 2 10 1 382 410 411 383
338 3 2 10 1 383 411 412 384
339 3 2 10 1 384 412 413 385
340 3 2 10 1 385 413 414 386
341 3 2 10 1 386 414 415 387
342 3 2 10 1 387 415 416 388
343 3 2 10 1 388 416 417 389
344 3 2 10 1 389 417 418 390
345 3 2 10 1 390 418 419 391
346 3 2 10 1 391 419 420 392
347 3 2 10 1 392 420 421 393
348 3 2 10 1 393 421 422 394
349 3 2 10 1 394 422 423 395
350 3 2 10 1 395 423 424 396
351 3 2 10 1 396 424 425 397
352 3 2 10 1 397 425 426 398
353 3 2 10 1 398 426 427 399
354 3 2 10 1 399 427 428 400
355 3 2 10 1 400 428 429 401
356 3 2 10 1 401 429 430 402
357 3 2 10 1 402 430 431 403
358 3 2 10 1 403 431 432 404
359 3 2 10 1 404 432 90 91
360 3 2 10 1 11 12 433 405
361 3 2 10 1 405 433 434 406
362 3 2 10 1 406 434 435 407
363 3 2 10 1 407 435 436 408
364 3 2 10 1 408 436 437 409
365 3 2 10 1 409 437 438 410
366 3 2 10 1 410 438 439 411
367 3 2 10 1 411 439 440 412
368 3 2 10 1 412 440 441 413
369 3 2 10 1 413 441 442 414
370 3 2 10 1 414 442 443 415
371 3 2 10 1 415 443 444 416
372 3 2 10 1 416 444 445 417
373 3 2 10 1 417 445 446 418
374 3 2 10 1 418 446 447 419
375 3 2 10 1 419 447 448 420
376 3 2 10 1 420 448 449 421
377 3 2 10 1 421 449 450 422
378 3 2 10 1 422 450 451 423
379 3 2 10 1 423 451 452 424
380 3 2 10 1 424 452 453 425
381 3 2 10 1 425 453 454 426
382 3 2 10 1 426 454 455 427
383 3 2 10 1 427 455 456 428
384 3 2 10 1 428 456 457 429
385 3 2 10 1 429 457 458 430
386 3 2 10 1 430 458 459 431
387 3 2 10 1 431 459 460 432
388 3 2 10 1 432 460 89 90
389 3 2 10 1 12 13 461 433
390 3 2 10 1 433 461 462 434
391 3 2 10 1 434 462 463 435
392 3 2 10 1 435 463 464 436
393 3 2 10 1 436 464 465 437
394 3 2 10 1 437 465 466 438
395 3 2 10 1 438 466 467 439
396 3 2 10 1 439 467 468 440
397 3 2 10 1 440 468 469 441
398 3 2 10 1 441 469 470 442
399 3 2 10 1 442 470 471 443
400 3 2 10 1 443 471 472 444
401 3 2 10 1 444 472 473 445
402 3 2 10 1 445 473 474 446
403 3 2 10 1 446 474 475 447
404 3 2 10 1 447 475 476 448
405 3 2 10 1 448 476 477 449
406 3 2 10 1 449 477 478 450
407 3 2 10 1 450 478 479 451
408 3 2 10 1 451 479 480 452
409 3 2 10 1 452 480 481 453
410 3 2 10 1 453 481 482 454
411 3 2 10 1 454 482 483 455
412 3 2 10 1 455 483 484 456
413 3 2 10 1 456 484 485 457
414 3 2 10 1 457 485 486 458
415 3 2 10 1 458 486 487 459
416 3 2 10 1 459 487 488 460
417 3 2 10 1 460 488 88 89
418 3 2 10 1 13 14 489 461
419 3 2 10 1 461 489 490 462
420 3 2 10 1 462 490 491 463
421 3 2 10 1 463 491 492 464
422 3 2 10 1 464 492 493 465
423 3 2 10 1 465 493 494 466
424 3 2 10 1 466 494 495 467
425 3 2 10 1 467 495 496 468
426 3 2 10 1 468 496 497 469
427 3 2 10 1 469 497 498 470
428 3 2 10 1 470 498 499 471
429 3 2 10 1 471 499 500 472
430 3 2 10 1 472 500 501 473
431 3 2 10 1 473 501 502 474
432 3 2 10 1 474 502 503 475
433 3 2 10 1 475 503 504 476
434 3 2 10 1 476 504 505 477
435 3 2 10 1 477 505 506 478
436 3 2 10 1 478 506 507 479
437 3 2 10 1 479 507 508 480
438 3 2 10 1 480 508 509 481
439 3 2 10 1 481 509 510 482
440 3 2 10 1 482 510 511 483
441 3 2 10 1 483 511 512 484
442 3 2 10 1 484 512 513 485
443 3 2 10 1 485 513 514 486
444 3 2 10 1 486 514 515 487
445 3 2 10 1 487 515 516 488
446 3 2 10 1 488 516 87 88
447 3 2 10 1 14 15 517 489
448 3 2 10 1 489 517 518 490
449 3 2 10 1 490 518 519 491
450 3 2 10 1 491 519 520 492
451 3 2 10 1 492 520 521 493
452 3 2 10 1 493 521 522 494
453 3 2 10 1 494 522 523 495
454 3 2 10 1 495 523 524 496
455 3 2 10 1 496 524 525 497
456 3 2 10 1 497 525 526 498
457 3 2 10 1 498 526 527 499
458 3 2 10 1 499 527 528 500
459 3 2 10 1 500 528 529 501
460 3 2 10 1 501 529 530 502
461 3 2 10 1 502 530 531 503
462 3 2 10 1 503 531 532 504
463 3 2 10 1 504 532 533 505
464 3 2 10 1 505 533 534 506
465 3 2 10 1 506 534 535 507
466 3 2 10 1 507 535 536 508
467 3 2 10 1 508 536 537 509
468 3 2 10 1 509 537 538 510
469 3 2 10 1 510 538 539 511
470 3 2 10 1 511 539 540 512
471 3 2 10 1 512 540 541 513
472 3 2 10 1 513 541 542 514
473 3 2 10 1 514 542 543 515
474 3 2 10 1 515 543 544 516
475 3 2 10 1 516 544 86 87
476 3 2 10 1 15 16 545 517
477 3 2 10 1 517 545 546 518
478 3 2 10 1 518 546 547 519
479 3 2 10 1 519 547 548 520
480 3 2 10 1 520 548 549 521
481 3 2 10 1 521 549 550 522
482 3 2 10 1 522 550 551 523
483 3 2 10 1 523 551 552 524
484 3 2 10 1 524 552 553 525
485 3 2 10 1 525 553 554 526
486 3 2 10 1 526 554 555 527
487 3 2 10 1 527 555 556 528
488 3 2 10 1 528 556 557 529
489 3 2 10 1 529 557 558 530
490 3 2 10 1 530 558 559 531
491 3 2 10 1 531 559 560 532
492 3 2 10 1 532 560 561 533
493 3 2 10 1 533 561 562 534
494 3 2 10 1 534 562 563 535
495 3 2 10 1 535 563 564 536
496 3 2 10 1 536 564 565 537
497 3 2 10 1 537 565 566 538
498 3 2 10 1 538 566 567 539
499 3 2 10 1 539 567 568 540
500 3 2 10 1 540 568 569 541
501 3 2 10 1 541 569 570 542
502 3 2 10 1 542 570 571 543
503 3 2 10 1 543 571 572 544
504 3 2 10 1 544 572 85 86
505 3 2 10 1 16 17 573 545
506 3 2 10 1 545 573 574 546
507 3 2 10 1 546 574 575 547
508 3 2 10 1 547 575 576 548
509 3 2 10 1 548 576 577 549
510 3 2 10 1 549 577 578 550
511 3 2 10 1 550 578 579 551
512 3 2 10 1 551 579 580 552
513 3 2 10 1 552 580 581 553
514 3 2 10 1 553 581 582 554
515 3 2 10 1 554 582 583 555
516 3 2 10 1 555 583 584 556
517 3 2 10 1 556 584 585 557
518 3 2 10 1 557 585 586 558
519 3 2 10 1 558 586 587 559
520 3 2 10 1 559 587 588 560
521 3 2 10 1 560 588 589 561
522 3 2 10 1 561 589 590 562
523 3 2 10 1 562 590 591 563
524 3 2 10 1 563 591 592 564
525 3 2 10 1 564 592 593 565
526 3 2 10 1 565 593 594 566
527 3 2 10 1 566 594 595 567
528 3 2 10 1 567 595 596 568
529 3 2 10 1 568 596 597 569
530 3 2 10 1 569 597 598 570
531 3 2 10 1 570 598 599 571
532 3 2 10 1 571 599 600 572
533 3 2 10 1 572 600 84 85
534 3 2 10 1 17 18 601 573
535 3 2 10 1 573 601 602 574
536 3 2 10 1 574 602 603 575
537 3 2 10 1 575 603 604 576
538 3 2 10 1 576 604 605 577
539 3 2 10 1 577 605 606 578
540 3 2 10 1 578 606 607 579
541 3 2 10 1 579 607 608 580
542 3 2 10 1 580 608 609 581
543 3 2 10 1 581 609 610 582
544 3 2 10 1 582 610 611 583
545 3 2 10 1 583 611 612 584
546 3 2 10 1 584 612 613 585
547 3 2 10 1 585 613 614 586
548 3 2 10 1 586 614 615 587
549 3 2 10 1 587 615 616 588
550 3 2 10 1 588 616 617 589
551 3 2 10 1 589 617 618 590
552 3 2 10 1 590 618 619 591
553 3 2 10 1 591 619 620 592
554 3 2 10 1 592 620 621 593
555 3 2 10 1 593 621 622 594
556 3 2 10 1 594 622 623 595
557 3 2 10 1 595 623 624 596
558 3 2 10 1 596 624 625 597
559 3 2 10 1 597 625 626 598
560 3 2 10 1 598 626 627 599
561 3 2 10 1 599 627 628 600
562 3 2 10 1 600 628 83 84
563 3 2 10 1 18 19 629 601
564 3 2 10 1 601 629 630 602
565 3 2 10 1 602 630 631 603
566 3 2 10 1 603 631 632 604
567 3 2 10 1 604 632 633 605
568 3 2 10 1 605 633 634 606
569 3 2 10 1 606 634 635 607
570 3 2 10 1 607 635 636 608
571 3 2 10 1 608 636 637 609
572 3 2 10 1 609 637 638 610
573 3 2 10 1 610 638 639 611
574 3 2 10 1 611 639 640 612
575 3 2 10 1 612 640 641 613
576 3 2 10 1 613 641 642 614
577 3 2 10 1 614 642 643 615
578 3 2 10 1 615 643 644 616
579 3 2 10 1 616 644 645 617
580 3 2 10 1 617 645 646 618
581 3 2 10 1 618 646 647 619
582 3 2 10 1 619 647 648 620
583 3 2 10 1 620 648 649 621
584 3 2 10 1 621 649 650 622
585 3 2 10 1 622 650 651 623
586 3 2 10 1 623 651 652 624
587 3 2 10 1 624 652 653 625
588 3 2 10 1 625 653 654 626
589 3 2 10 1 626 654 655 627
590 3 2 10 1 627 655 656 628
591 3 2 10 1 628 656 82 83
592 3 2 10 1 19 20 657 629
593 3 2 10 1 629 657 658 630
594 3 2 10 1 630 658 659 631
595 3 2 10 1 631 659 660 632
596 3 2 10 1 632 660 661 633
597 3 2 10 1 633 661 662 634
598 3 2 10 1 634 662 663 635
599 3 2 10 1 635 663 664 636
600 3 2 10 1 636 664 665 637
601 3 2 10 1 637 665 666 638
602 3 2 10 1 638 666 667 639
603 3 2 10 1 639 667 668 640
604 3 2 10 1 640 668 669 641
605 3 2 10 1 641 669 670 642
606 3 2 10 1 642 670 671 643
607 3 2 10 1 643 671 672 644
608 3 2 10 1 644 672 673 645
609 3 2 10 1 645 673 674 646
610 3 2 10 1 646 674 675 647
611 3 2 10 1 647 675 676 648
612 3 2 10 1 648 676 677 649
613 3 2 10 1 649 677 678 650
614 3 2 10 1 650 678 679 651
615 3 2 10 1 651 679 680 652
616 3 2 10 1 652 680 681 653
617 3 2 10 1 653 681 682 654
618 3 2 10 1 654 682 683 655
619 3 2 10 1 655 683 684 656
620 3 2 10 1 656 684 81 82
621 3 2 10 1 20 21 685 657
622 3 2 10 1 657 685 686 658
623 3 2 10 1 658 686 687 659
624 3 2 10 1 659 687 688 660
625 3 2 10 1 660 688 689 661
626 3 2 10 1 661 689 690 662
627 3 2 10 1 662 690 691 663
628 3 2 10 1 663 691 692 664
629 3 2 10 1 664 692 693 665
630 3 2 10 1 665 693 694 666
631 3 2 10 1 666 694 695 667
632 3 2 10 1 667 695 696 668
633 3 2 10 1 668 696 697 669
634 3 2 10 1 669 697 698 670
635 3 2 10 1 670 698 699 671
636 3 2 10 1 671 699 700 672
637 3 2 10 1 672 700 701 673
638 3 2 10 1 673 701 702 674
639 3 2 10 1 674 702 703 675
640 3 2 10 1 675 703 704 676
641 3 2 10 1 676 704 705 677
642 3 2 10 1 677 705 706 678
643 3 2 10 1 678 706 707 679
644 3 2 10 1 679 707 708 680
645 3 2 10 1 680 708 709 681
646 3 2 10 1 681 709 710 682
647 3 2 10 1 682 710 711 683
648 3 2 10 1 683 711 712 684
649 3 2 10 1 684 712 80 81
650 3 2 10 1 21 22 713 685
651 3 2 10 1 685 713 714 686
652 3 2 10 1 686 714 715 687
653 3 2 10 1 687 715 716 688
654 3 2 10 1 688 716 717 689
655 3 2 10 1 689 717 718 690
656 3 2 10 1 690 718 719 691
657 3 2 10 1 691 719 720 692
658 3 2 10 1 692 720 721 693
659 3 2 10 1 693 721 722 694
660 3 2 10 1 694 722 723 695
661 3 2 10 1 695 723 724 696
662 3 2 10 1 696 724 725 697
663 3 2 10 1 697 725 726 698
664 3 2 10 1 698 726 727 699
665 3 2 10 1 699 727 728 700
666 3 2 10 1 700 728 729 701
667 3 2 10 1 701 729 730 702
668 3 2 10 1 702 730 731 703
669 3 2 10 1 703 731 732 704
670 3 2 10 1 704 732 733 705
671 3 2 10 1 705 733 734 706
672 3 2 10 1 706 734 735 707
673 3 2 10 1 707 735 736 708
674 3 2 10 1 708 736 737 709
675 3 2 10 1 709 737 738 710
676 3 2 10 1 710 738 739 711
677 3 2 10 1 711 739 740 712
678 3 2 10 1 712 740 79 80
679 3 2 10 1 22 23 741 713
680 3 2 10 1 713 741 742 714
681 3 2 10 1 714 742 743 715
682 3 2 10 1 715 743 744 716
683 3 2 10 1 716 744 745 717
684 3 2 10 1 717 745 746 718
685 3 2 10 1 718 746 747 719
686 3 2 10 1 719 747 748 720
687 3 2 10 1 720 748 749 721
688 3 2 10 1 721 749 750 722
689 3 2 10 1 722 750 751 723
690 3 2 10 1 723 751 752 724
691 3 2 10 1 724 752 753 725
692 3 2 10 1 725 753 754 726
693 3 2 10 1 726 754 755 727
694 3 2 10 1 727 755 756 728
695 3 2 10 1 728 756 757 729
696 3 2 10 1 729 757 758 730
697 3 2 10 1 730 758 759 731
698 3 2 10 1 731 759 760 732
699 3 2 10 1 732 760 761 733
700 3 2 10 1 733 761 762 734
701 3 2 10 1 734 762 763 735
702 3 2 10 1 735 763 764 736
703 3 2 10 1 736 764 765 737
704 3 2 10 1 737 765 766 738
705 3 2 10 1 738 766 767 739
706 3 2 10 1 739 767 768 740
707 3 2 10 1 740 768 78 79
708 3 2 10 1 23 24 769 741
709 3 2 10 1 741 769 770 742
710 3 2 10 1 742 770 771 743
711 3 2 10 1 743 771 772 744
712 3 2 10 1 744 772 773 745
713 3 2 10 1 745 773 774 746
714 3 2 10 1 746 774 775 747
715 3 2 10 1 747 775 776 748
716 3 2 10 1 748 776 777 749
717 3 2 10 1 749 777 778 750
718 3 2 10 1 750 778 779 751
719 3 2 10 1 751 779 780 752
720 3 2 10 1 752 780 781 753
721 3 2 10 1 753 781 782 754
722 3 2 10 1 754 782 783 755
723 3 2 10 1 755 783 784 756
724 3 2 10 1 756 784 785 757
725 3 2 10 1 757 785 786 758
726 3 2 10 1 758 786 787 759
727 3 2 10 1 759 787 788 760
728 3 2 10 1 760 788 789 761
729 3 2 10 1 761 789 790 762
730 3 2 10 1 762 790 791 763
731 3 2 10 1 763 791 792 764
732 3 2 10 1 764 792 793 765
733 3 2 10 1 765 793 794 766
734 3 2 10 1 766 794 795 767
735 3 2 10 1 767 795 796 768
736 3 2 10 1 768 796 77 78
737 3 2 10 1 24 25 797 769
738 3 2 10 1 769 797 798 770
739 3 2 10 1 770 798 799 771
740 3 2 10 1 771 799 800 772
741 3 2 10 1 772 800 801 773
742 3 2 10 1 773 801 802 774
743 3 2 10 1 774 802 803 775
744 3 2 10 1 775 803 804 776
745 3 2 10 1 776 804 805 777
746 3 2 10 1 777 805 806 778
747 3 2 10 1 778 806 807 779
748 3 2 10 1 779 807 808 780
749 3 2 10 1 780 808 809 781
750 3 2 10 1 781 809 810 782
751 3 2 10 1 782 810 811 783
752 3 2 10 1 783 811 812 784
753 3 2 10 1 784 812 813 785
754 3 2 10 1 785 813 814 786
755 3 2 10 1 786 814 815 787
756 3 2 10 1 787 815 816 788
757 3 2 10 1 788 816 817 789
758 3 2 10 1 789 817 818 790
759 3 2 10 1 790 818 819 791
760 3 2 10 1 791 819 820 792
761 3 2 10 1 792 820 821 793
762 3 2 10 1 793 821 822 794
763 3 2 10 1 794 822 823 795
764 3 2 10 1 795 823 824 796
765 3 2 10 1 796 824 76 77
766 3 2 10 1 25 26 825 797
767 3 2 10 1 797 825 826 798
768 3 2 10 1 798 826 827 799
769 3 2 10 1 799 827 828 800
770 3 2 10 1 800 828 829 801
771 3 2 10 1 801 829 830 802
772 3 2 10 1 802 830 831 803
773 3 2 10 1 803 831 832 804
774 3 2 10 1 804 832 833 805
775 3 2 10 1 805 833 834 806
776 3 2 10 1 806 834 835 807
777 3 2 10 1 807 835 836 808
778 3 2 10 1 808 836 837 809
779 3 2 10 1 809 837 838 810
780 3 2 10 1 810 838 839 811
781 3 2 10 1 811 839 840 812
782 3 2 10 1 812 840 841 813
783 3 2 10 1 813 841 842 814
784 3 2 10 1 814 842 843 815
785 3 2 10 1 815 843 844 816
786 3 2 10 1 816 844 845 817
787 3 2 10 1 817 845 846 818
788 3 2 10 1 818 846 847 819
789 3 2 10 1 819 847 848 820
790 3 2 10 1 820 848 849 821
791 3 2 10 1 821 849 850 822
792 3 2 10 1 822 850 851 823
793 3 2 10 1 823 851 852 824
794 3 2 10 1 824 852 75 76
795 3 2 10 1 26 27 853 825
796 3 2 10 1 825 853 854 826
797 3 2 10 1 826 854 855 827
798 3 2 10 1 827 855 856 828
799 3 2 10 1 828 856 857 829
800 3 2 10 1 829 857 858 830
801 3 2 10 1 830 858 859 831
802 3 2 10 1 831 859 860 832
803 3 2 10 1 832 860 861 833
804 3 2 10 1 833 861 862 834
805 3 2 10 1 834 862 863 835
806 3 2 10 1 835 863 864 836
807 3 2 10 1 836 864 865 837
808 3 2 10 1 837 865 866 838
809 3 2 10 1 838 866 867 839
810 3 2 10 1 839 867 868 840
811 3 2 10 1 840 868 869 841
812 3 2 10 1 841 869 870 842
813 3 2 10 1 842 870 871 843
814 3 2 10 1 843 871 872 844
815 3 2 10 1 844 872 873 845
816 3 2 10 1 845 873 874 846
817 3 2 10 1 846 874 875 847
818 3 2 10 1 847 875 876 848
819 3 2 10 1 848 876 877 849
820 3 2 10 1 849 877 878 850
821 3 2 10 1 850 878 879 851
822 3 2 10 1 851 879 880 852
823 3 2 10 1 852 880 74 75
824 3 2 10 1 27 28 881 853
825 3 2 10 1 853 881 882 854
826 3 2 10 1 854 882 883 855
827 3 2 10 1 855 883 884 856
828 3 2 10 1 856 884 885 857
829 3 2 10 1 857 885 886 858
830 3 2 10 1 858 886 887 859
831 3 2 10 1 859 887 888 860
832 3 2 10 1 860 888 889 861
833 3 2 10 1 861 889 890 862
834 3 2 10 1 862 890 891 863
835 3 2 10 1 863 891 892 864
836 3 2 10 1 864 892 893 865
837 3 2 10 1 865 893 894 866
838 3 2 10 1 866 894 895 867
839 3 2 10 1 867 895 896 868
840 3 2 10 1 868 896 897 869
841 3 2 10 1 869 897 898 870
842 3 2 10 1 870 898 899 871
843 3 2 10 1 871 899 900 872
844 3 2 10 1 872 900 901 873
845 3 2 10 1 873 901 902 874
846 3 2 10 1 874 902 903 875
847 3 2 10 1 875 903 904 876
848 3 2 10 1 876 904 905 877
849 3 2 10 1 877 905 906 878
850 3 2 10 1 878 906 907 879
851 3 2 10 1 879 907 908 880
852 3 2 10 1 880 908 73 74
853 3 2 10 1 28 29 909 881
854 3 2 10 1 881 909 910 882
855 3 2 10 1 882 910 911 883
856 3 2 10 1 883 911 912 884
857 3 2 10 1 884 912 913 885
858 3 2 10 1 885 913 914 886
859 3 2 10 1 886 914 915 887
860 3 2 10 1 887 915 916 888
861 3 2 10 1 888 916 917 889
862 3 2 10 1 889 917 918 890
863 3 2 10 1 890 918 919 891
864 3 2 10 1 891 919 920 892
865 3 2 10 1 892 920 921 893
866 3 2 10 1 893 921 922 894
867 3 2 10 1 894 922 923 895
868 3 2 10 1 895 923 924 896
869 3 2 10 1 896 924 925 897
870 3 2 10 1 897 925 926 898
871 3 2 10 1 898 926 927 899
872 3 2 10 1 899 927 928 900
873 3 2 10 1 900 928 929 901
874 3 2 10 1 901 929 930 902
875 3 2 10 1 902 930 931 903
876 3 2 10 1 903 931 932 904
877 3 2 10 1 904 932 933 905
878 3 2 10 1 905 933 934 906
879 3 2 10 1 906 934 935 907
880 3 2 10 1 907 935 936 908
881 3 2 10 1 908 936 72 73
882 3 2 10 1 29 30 937 909
883 3 2 10 1 909 937 938 910
884 3 2 10 1 910 938 939 911
885 3 2 10 1 911 939 940 912
886 3 2 10 1 912 940 941 913
887 3 2 10 1 913 941 942 914
888 3 2 10 1 914 942 943 915
889 3 2 10 1 915 943 944 916
890 3 2 10 1 916 944 945 917
891 3 2 10 1 917 945 946 918
892 3 2 10 1 918 946 947 919
893 3 2 10 1 919 947 948 920
894 3 2 10 1 920 948 949 921
895 3 2 10 1 921 949 950 922
896 3 2 10 1 922 950 951 923
897 3 2 10 1 923 951 952 924
898 3 2 10 1 924 952 953 925
899 3 2 10 1 925 953 954 926
900 3 2 10 1 926 954 955 927
901 3 2 10 1 927 955 956 928
902 3 2 10 1 928 956 957 929
903 3 2 10 1 929 957 958 930
904 3 2 10 1 930 958 959 931
905 3 2 10 1 931 959 960 932
906 3 2 10 1 932 960 961 933
907 3 2 10 1 933 961 962 934
908 3 2 10 1 934 962 963 935
909 3 2 10 1 935 963 964 936
910 3 2 10 1 936 964 71 72
911 3 2 10 1 30 31 965 937
912 3 2 10 1 937 965 966 938
913 3 2 10 1 938 966 967 939
914 3 2 10 1 939 967 968 940
915 3 2 10 1 940 968 969 941
916 3 2 10 1 941 969 970 942
917 3 2 10 1 942 970 971 943
918 3 2 10 1 943 971 972 944
919 3 2 10 1 944 972 973 945
920 3 2 10 1 945 973 974 946
921 3 2 10 1 946 974 975 947
922 3 2 10 1 947 975 976 948
923 3 2 10 1 948 976 977 949
924 3 2 10 1 949 977 978 950
925 3 2 10 1 950 978 979 951
926 3 2 10 1 951 979 980 952
927 3 2 10 1 952 980 981 953
928 3 2 10 1 953 981 982 954
929 3 2 10 1 954 982 983 955
930 3 2 10 1 955 983 984 956
931 3 2 10 1 956 984 985 957
932 3 2 10 1 957 985 986 958
933 3 2 10 1 958 986 987 959
934 3 2 10 1 959 987 988 960
935 3 2 10 1 960 988 989 961
936 3 2 10 1 961 989 990 962
937 3 2 10 1 962 990 991 963
938 3 2 10 1 963 991 992 964
939 3 2 10 1 964 992 70 71
940 3 2 10 1 31 32 993 965
941 3 2 10 1 965 993 994 966
942 3 2 10 1 966 994 995 967
943 3 2 10 1 967 995 996 968
944 3 2 10 1 968 996 997 969
945 3 2 10 1 969 997 998 970
946 3 2 10 1 970 998 999 971
947 3 2 10 1 971 999 1000 972
948 3 2 10 1 972 1000 1001 973
949 3 2 10 1 973 1001 1002 974
950 3 2 10 1 974 1002 1003 975
951 3 2 10 1 975 1003 1004 976
952 3 2 10 1 976 1004 1005 977
953 3 2 10 1 977 1005 1006 978
954 3 2 10 1 978 1006 1007 979
955 3 2 10 1 979 1007 1008 980
956 3 2 10 1 980 1008 1009 981
957 3 2 10 1 981 1009 1010 982
958 3 2 10 1 982 1010 1011 983
959 3 2 10 1 983 1011 1012 984
960 3 2 10 1 984 1012 1013 985
961 3 2 10 1 985 1013 1014 986
962 3 2 10 1 986 1014 1015 987
963 3 2 10 1 987 1015 1016 988
964 3 2 10 1 988 1016 1017 989
965 3 2 10 1 989 1017 1018 990
966 3 2 10 1 990 1018 1019 991
967 3 2 10 1 991 1019 1020 992
968 3 2 10 1 992 1020 69 70
969 3 2 10 1 32 33 1021 993
970 3 2 10 1 993 1021 1022 994
971 3 2 10 1 994 1022 1023 995
972 3 2 10 1 995 1023 1024 996
973 3 2 10 1 996 1024 1025 997
974 3 2 10 1 997 1025 1026 998
975 3 2 10 1 998 1026 1027 999
976 3 2 10 1 999 1027 1028 1000
977 3 2 10 1 1000 1028 1029 1001
978 3 2 10 1 1001 1029 1030 1002
979 3 2 10 1 1002 1030 1031 1003
980 3 2 10 1 1003 1031 1032 1004
981 3 2 10 1 1004 1032 1033 1005
982 3 2 10 1 1005 1033 1034 1006
983 3 2 10 1 1006 1034 1035 1007
984 3 2 10 1 1007 1035 1036 1008
985 3 2 10 1 1008 1036 1037 1009
986 3 2 10 1 1009 1037 1038 1010
987 3 2 10 1 1010 1038 1039 1011
988 3 2 10 1 1011 1039 1040 1012
989 3 2 10 1 1012 1040 1041 1013
990 3 2 10 1 1013 1041 1042 1014
991 3 2 10 1 1014 1042 1043 1015
992 3 2 10 1 1015 1043 1044 1016
993 3 2 10 1 1016 1044 1045 1017
994 3 2 10 1 1017 1045 1046 1018
995 3 2 10 1 1018 1046 1047 1019
996 3 2 10 1 1019 1047 1048 1020
997 3 2 10 1 1020 1048 68 69
998 3 2 10 1 33 34 1049 1021
999 3 2 10 1 1021 1049 1050 1022
1000 3 2 10 1 1022 1050 1051 1023
1001 3 2 10 1 1023 1051 1052 1024
1002 3 2 10 1 1024 1052 1053 1025
1003 3 2 10 1 1025 1053 1054 1026
1004 3 2 10 1 1026 1054 1055 1027
1005 3 2 10 1 1027 1055 1056 1028
1006 3 2 10 1 1028 1056 1057 1029
1007 3 2 10 1 1029 1057 1058 1030
1008 3 2 10 1 1030 1058 1059 1031
1009 3 2 10 1 1031 1059 1060 1032
1010 3 2 10 1 1032 1060 1061 1033
1011 3 2 10 1 1033 1061 1062 1034
1012 3 2 10 1 1034 1062 1063 1035
1013 3 2 10 1 1035 1063 1064 1036
1014 3 2 10 1 1036 1064 1065 1037
1015 3 2 10 1 1037 1065 1066 1038
1016 3 2 10 1 1038 1066 1067 1039
1017 3 2 10 1 1039 1067 1068 1040
1018 3 2 10 1 1040 1068 1069 1041
1019 3 2 10 1 1041 1069 1070 1042
1020 3 2 10 1 1042 1070 1071 1043
1021 3 2 10 1 1043 1071 1072 1044
1022 3 2 10 1 1044 1072 1073 1045
1023 3 2 10 1 1045 1073 1074 1046
1024 3 2 10 1 1046 1074 1075 1047
1025 3 2 10 1 1047 1075 1076 1048
1026 3 2 10 1 1048 1076 67 68
1027 3 2 10 1 34 35 1077 1049
1028 3 2 10 1 1049 1077 1078 1050
1029 3 2 10 1 1050 1078 1079 1051
1030 3 2 10 1 1051 1079 1080 1052
1031 3 2 10 1 1052 1080 1081 1053
1032 3 2 10 1 1053 1081 1082 1054
1033 3 2 10 1 1054 1082 1083 1055
1034 3 2 10 1 1055 1083 1084 1056
1035 3 2 10 1 1056 1084 1085 1057
1036 3 2 10 1 1057 1085 1086 1058
1037 3 2 10 1 1058 1086 1087 1059
1038 3 2 10 1 1059 1087 1088 1060
1039 3 2 10 1 1060 1088 1089 1061
1040 3 2 10 1 1061 1089 1090 1062
1041 3 2 10 1 1062 1090 1091 1063
1042 3 2 10 1 1063 1091 1092 1064
1043 3 2 10 1 1064 1092 1093 1065
1044 3 2 10 1 1065 1093 1094 1066
1045 3 2 10 1 1066 1094 1095 1067
1046 3 2 10 1 1067 1095 1096 1068
1047 3 2 10 1 1068 1096 1097 1069
1048 3 2 10 1 1069 1097 1098 1070
1049 3 2 10 1 1070 1098 1099 1071
1050 3 2 10 1 1071 1099 1100 1072
1051 3 2 10 1 1072 1100 1101 1073
1052 3 2 10 1 1073 1101 1102 1074
1053 3 2 10 1 1074 1102 1103 1075
1054 3 2 10 1 1075 1103 1104 1076
1055 3 2 10 1 1076 1104 66 67
1056 3 2 10 1 35 36 1105 1077
1057 3 2 10 1 1077 1105 1106 1078
1058 3 2 10 1 1078 1106 1107 1079
1059 3 2 10 1 1079 1107 1108 1080
1060 3 2 10 1 1080 1108 1109 1081
1061 3 2 10 1 1081 1109 1110 1082
1062 3 2 10 1 1082 1110 1111 1083
1063 3 2 10 1 1083 1111 1112 1084
1064 3 2 10 1 1084 1112 1113 1085
1065 3 2 10 1 1085 1113 1114 1086
1066 3 2 10 1 1086 1114 1115 1087
1067 3 2 10 1 1087 1115 1116 1088
1068 3 2 10 1 1088 1116 1117 1089
1069 3 2 10 1 1089 1117 1118 1090
1070 3 2 10 1 1090 1118 1119 1091
1071 3 2 10 1 1091 1119 1120 1092
1072 3 2 10 1 1092 1120 1121 1093
1073 3 2 10 1 1093 1121 1122 1094
1074 3 2 10 1 1094 1122 1123 1095
1075 3 2 10 1 1095 1123 1124 1096
1076 3 2 10 1 1096 1124 1125 1097
1077 3 2 10 1 1097 1125 1126 1098
1078 3 2 10 1 1098 1126 1127 1099
1079 3 2 10 1 1099 1127 1128 1100
1080 3 2 10 1 1100 1128 1129 1101
1081 3 2 10 1 1101 1129 1130 1102
1082 3 2 10 1 1102 1130 1131 1103
1083 3 2 10 1 1103 1131 1132 1104
1084 3 2 10 1 1104 1132 65 66
1085 3 2 10 1 36 2 37 1105
1086 3 2 10 1 1105 37 38 1106
1087 3 2 10 1 1106 38 39 1107
1088 3 2 10 1 1107 39 40 1108
1089 3 2 10 1 1108 40 41 1109
1090 3 2 10 1 1109 41 42 1110
1091 3 2 10 1 1110 42 43 1111
1092 3 2 10 1 1111 43 44 1112
1093 3 2 10 1 1112 44 45 1113
1094 3 2 10 1 1113 45 46 1114
1095 3 2 10 1 1114 46 47 1115
1096 3 2 10 1 1115 47 48 1116
1097 3 2 10 1 1116 48 49 1117
1098 3 2 10 1 1117 49 50 1118
1099 3 2 10 1 1118 50 51 1119
1100 3 2 10 1 1119 51 52 1120
1101 3 2 10 1 1120 52 53 1121
1102 3 2 10 1 1121 53 54 1122
1103 3 2 10 1 1122 54 55 1123
1104 3 2 10 1 1123 55 56 1124
1105 3 2 10 1 1124 56 57 1125
1106 3 2 10 1 1125 57 58 1126
1107 3 2 10 1 1126 58 59 1127
1108 3 2 10 1 1127 59 60 1128
1109 3 2 10 1 1128 60 61 1129
1110 3 2 10 1 1129 61 62 1130
1111 3 2 10 1 1130 62 63 1131
1112 3 2 10 1 1131 63 64 1132
1113 3 2 10 1 1132 64 3 65
1114 3 2 10 2 5 121 1133 272
1115 3 2 10 2 272 1133 1134 271
1116 3 2 10 2 271 1134 1135 270
1117 3 2 10 2 270 1135 1136 269
1118 3 2 10 2 269 1136 1137 268
1119 3 2 10 2 268 1137 1138 267
1120 3 2 10 2 267 1138 1139 266
1121 3 2 10 2 266 1139 1140 265
1122 3 2 10 2 265 1140 1141 264
1123 3 2 10 2 264 1141 1142 263
1124 3 2 10 2 263 1142 1143 262
1125 3 2 10 2 262 1143 1144 261
1126 3 2 10 2 261 1144 1145 260
1127 3 2 10 2 260 1145 1146 259
1128 3 2 10 2 259 1146 1147 258
1129 3 2 10 2 258 1147 1148 257
1130 3 2 10 2 257 1148 1149 256
1131 3 2 10 2 256 1149 1150 255
1132 3 2 10 2 255 1150 1151 254
1133 3 2 10 2 254 1151 1152 253
1134 3 2 10 2 253 1152 1153 252
1135 3 2 10 2 252 1153 1154 251
1136 3 2 10 2 251 1154 1155 250
1137 3 2 10 2 250 1155 1156 249
1138 3 2 10 2 249 1156 1157 248
1139 3 2 10 2 248 1157 1158 247
1140 3 2 10 2 247 1158 1159 246
1141 3 2 10 2 246 1159 1160 245
1142 3 2 10 2 245 1160 244 2
1143 3 2 10 2 121 122 1161 1133
1144 3 2 10 2 1133 1161 1162 1134
1145 3 2 10 2 1134 1162 1163 1135
1146 3 2 10 2 1135 1163 1164 1136
1147 3 2 10 2 1136 1164 1165 1137
1148 3 2 10 2 1137 1165 1166 1138
1149 3 2 10 2 1138 1166 1167 1139
1150 3 2 10 2 1139 1167 1168 1140
1151 3 2 10 2 1140 1168 1169 1141
1152 3 2 10 2 1141 1169 1170 1142
1153 3 2 10 2 1142 1170 1171 1143
1154 3 2 10 2 1143 1171 1172 1144
1155 3 2 10 2 1144 1172 1173 1145
1156 3 2 10 2 1145 1173 1174 1146
1157 3 2 10 2 1146 1174 1175 1147
1158 3 2 10 2 1147 1175 1176 1148
1159 3 2 10 2 1148 1176 1177 1149
1160 3 2 10 2 1149 1177 1178 1150
1161 3 2 10 2 1150 1178 1179 1151
1162 3 2 10 2 1151 1179 1180 1152
1163 3 2 10 2 1152 1180 1181 1153
1164 3 2 10 2 1153 1181 1182 1154
1165 3 2 10 2 1154 1182 1183 1155
1166 3 2 10 2 1155 1183 1184 1156
1167 3 2 10 2 1156 1184 1185 1157
1168 3 2 10 2 1157 1185 1186 1158
1169 3 2 10 2 1158 1186 1187 1159
1170 3 2 10 2 1159 1187 1188 1160
1171 3 2 10 2 1160 1188 243 244
1172 3 2 10 2 122 123 1189 1161
1173 3 2 10 2 1161 1189 1190 1162
1174 3 2 10 2 1162 1190 1191 1163
1175 3 2 10 2 1163 1191 1192 1164
1176 3 2 10 2 1164 1192 1193 1165
1177 3 2 10 2 1165 1193 1194 1166
1178 3 2 10 2 1166 1194 1195 1167
1179 3 2 10 2 1167 1195 1196 1168
1180 3 2 10 2 1168 1196 1197 1169
1181 3 2 10 2 1169 1197 1198 1170
1182 3 2 10 2 1170 1198 1199 1171
1183 3 2 10 2 1171 1199 1200 1172
1184 3 2 10 2 1172 1200 1201 1173
1185 3 2 10 2 1173 1201 1202 1174
1186 3 2 10 2 1174 1202 1203 1175
1187 3 2 10 2 1175 1203 1204 1176
1188 3 2 10 2 1176 1204 1205 1177
1189 3 2 10 2 1177 1205 1206 1178
1190 3 2 10 2 1178 1206 1207 1179
1191 3 2 10 2 1179 1207 1208 1180
1192 3 2 10 2 1180 1208 1209 1181
1193 3 2 10 2 1181 1209 1210 1182
1194 3 2 10 2 1182 1210 1211 1183
1195 3 2 10 2 1183 1211 1212 1184
1196 3 2 10 2 1184 1212 1213 1185
1197 3 2 10 2 1185 1213 1214 1186
1198 3 2 10 2 1186 1214 1215 1187
1199 3 2 10 2 1187 1215 1216 1188
1200 3 2 10 2 1188 1216 242 243
1201 3 2 10 2 123 124 1217 1189
1202 3 2 10 2 1189 1217 1218 1190
1203 3 2 10 2 1190 1218 1219 1191
1204 3 2 10 2 1191 1219 1220 1192
1205 3 2 10 2 1192 1220 1221 1193
1206 3 2 10 2 1193 1221 1222 1194
1207 3 2 10 2 1194 1222 1223 1195
1208 3 2 10 2 1195 1223 1224 1196
1209 3 2 10 2 1196 1224 1225 1197
1210 3 2 10 2 1197 1225 1226 1198
1211 3 2 10 2 1198 1226 1227 1199
1212 3 2 10 2 1199 1227 1228 1200
1213 3 2 10 2 1200 1228 1229 1201
1214 3 2 10 2 1201 1229 1230 1202
1215 3 2 10 2 1202 1230 1231 1203
1216 3 2 10 2 1203 1231 1232 1204
1217 3 2 10 2 1204 1232 1233 1205
1218 3 2 10 2 1205 1233 1234 1206
1219 3 2 10 2 1206 1234 1235 1207
1220 3 2 10 2 1207 1235 1236 1208
1221 3 2 10 2 1208 1236 1237 1209
1222 3 2 10 2 1209 1237 1238 1210
1223 3 2 10 2 1210 1238 1239 1211
1224 3 2 10 2 1211 1239 1240 1212
1225 3 2 10 2 1212 1240 1241 1213
1226 3 2 10 2 1213 1241 1242 1214
1227 3 2 10 2 1214 1242 1243 1215
1228 3 2 10 2 1215 1243 1244 1216
1229 3 2 10 2 1216 1244 241 242
1230 3 2 10 2 124 125 1245 1217
1231 3 2 10 2 1217 1245 1246 1218
1232 3 2 10 2 1218 1246 1247 1219
1233 3 2 10 2 1219 1247 1248 1220
1234 3 2 10 2 1220 1248 1249 1221
1235 3 2 10 2 1221 1249 1250 1222
1236 3 2 10 2 1222 1250 1251 1223
1237 3 2 10 2 1223 1251 1252 1224
1238 3 2 10 2 1224 1252 1253 1225
1239 3 2 10 2 1225 1253 1254 1226
1240 3 2 10 2 1226 1254 1255 1227
1241 3 2 10 2 1227 1255 1256 1228
1242 3 2 10 2 1228 1256 1257 1229
1243 3 2 10 2 1229 1257 1258 1230
1244 3 2 10 2 1230 1258 1259 1231
1245 3 2 10 2 1231 1259 1260 1232
1246 3 2 10 2 1232 1260 1261 1233
1247 3 2 10 2 1233 1261 1262 1234
1248 3 2 10 2 1234 1262 1263 1235
1249 3 2 10 2 1235 1263 1264 1236
1250 3 2 10 2 1236 1264 1265 1237
1251 3 2 10 2 1237 1265 1266 1238
1252 3 2 10 2 1238 1266 1267 1239
1253 3 2 10 2 1239 1267 1268 1240
1254 3 2 10 2 1240 1268 1269 1241
1255 3 2 10 2 1241 1269 1270 1242
1256 3 2 10 2 1242 1270 1271 1243
1257 3 2 10 2 1243 1271 1272 1244
1258 3 2 10 2 1244 1272 240 241
1259 3 2 10 2 125 126 1273 1245
1260 3 2 10 2 1245 1273 1274 1246
1261 3 2 10 2 1246 1274 1275 1247
1262 3 2 10 2 1247 1275 1276 1248
1263 3 2 10 2 1248 1276 1277 1249
1264 3 2 10 2 1249 1277 1278 1250
1265 3 2 10 2 1250 1278 1279 1251
1266 3 2 10 2 1251 1279 1280 1252
1267 3 2 10 2 1252 1280 1281 1253
1268 3 2 10 2 1253 1281 1282 1254
1269 3 2 10 2 1254 1282 1283 1255
1270 3 2 10 2 1255 1283 1284 1256
1271 3 2 10 2 1256 1284 1285 1257
1272 3 2 10 2 1257 1285 1286 1258
1273 3 2 10 2 1258 1286 1287 1259
1274 3 2 10 2 1259 1287 1288 1260
1275 3 2 10 2 1260 1288 1289 1261
1276 3 2 10 2 1261 1289 1290 1262
1277 3 2 10 2 1262 1290 1291 1263
1278 3 2 10 2 1263 1291 1292 1264
1279 3 2 10 2 1264 1292 1293 1265
1280 3 2 10 2 1265 1293 1294 1266
1281 3 2 10 2 1266 1294 1295 1267
1282 3 2 10 2 1267 1295 1296 1268
1283 3 2 10 2 1268 1296 1297 1269
1284 3 2 10 2 1269 1297 1298 1270
1285 3 2 10 2 1270 1298 1299 1271
1286 3 2 10 2 1271 1299 1300 1272
1287 3 2 10 2 1272 1300 239 240
1288 3 2 10 2 126 127 1301 1273
1289 3 2 10 2 1273 1301 1302 1274
1290 3 2 10 2 1274 1302 1303 1275
1291 3 2 10 2 1275 1303 1304 1276
1292 3 2 10 2 1276 1304 1305 1277
1293 3 2 10 2 1277 1305 1306 1278
1294 3 2 10 2 1278 1306 1307 1279
1295 3 2 10 2 1279 1307 1308 1280
1296 3 2 10 2 1280 1308 1309 1281
1297 3 2 10 2 1281 1309 1310 1282
1298 3 2 10 2 1282 1310 1311 1283
1299 3 2 10 2 1283 1311 1312 1284
1300 3 2 10 2 1284 1312 1313 1285
1301 3 2 10 2 1285 1313 1314 1286
1302 3 2 10 2 1286 1314 1315 1287
1303 3 2 10 2 1287 1315 1316 1288
1304 3 2 10 2 1288 1316 1317 1289
1305 3 2 10 2 1289 1317 1318 1290
1306 3 2 10 2 1290 1318 1319 1291
1307 3 2 10 2 1291 1319 1320 1292
1308 3 2 10 2 1292 1320 1321 1293
1309 3 2 10 2 1293 1321 1322 1294
1310 3 2 10 2 1294 1322 1323 1295
1311 3 2 10 2 1295 1323 1324 1296
1312 3 2 10 2 1296 1324 1325 1297
1313 3 2 10 2 1297 1325 1326 1298
1314 3 2 10 2 1298 1326 1327 1299
1315 3 2 10 2 1299 1327 1328 1300
1316 3 2 10 2 1300 1328 238 239
1317 3 2 10 2 127 128 1329 1301
1318 3 2 10 2 1301 1329 1330 1302
1319 3 2 10 2 1302 1330 1331 1303
1320 3 2 10 2 1303 1331 1332 1304
1321 3 2 10 2 1304 1332 1333 1305
1322 3 2 10 2 1305 1333 1334 1306
1323 3 2 10 2 1306 1334 1335 1307
1324 3 2 10 2 1307 1335 1336 1308
1325 3 2 10 2 1308 1336 1337 1309
1326 3 2 10 2 1309 1337 1338 1310
1327 3 2 10 2 1310 1338 1339 1311
1328 3 2 10 2 1311 1339 1340 1312
1329 3 2 10 2 1312 1340 1341 1313
1330 3 2 10 2 1313 1341 1342 1314
1331 3 2 10 2 1314 1342 1343 1315
1332 3 2 10 2 1315 1343 1344 1316
1333 3 2 10 2 1316 1344 1345 1317
1334 3 2 10 2 1317 1345 1346 1318
1335 3 2 10 2 1318 1346 1347 1319
1336 3 2 10 2 1319 1347 1348 1320
1337 3 2 10 2 1320 1348 1349 1321
1338 3 2 10 2 1321 1349 1350 1322
1339 3 2 10 2 1322 1350 1351 1323
1340 3 2 10 2 1323 1351 1352 1324
1341 3 2 10 2 1324 1352 1353 1325
1342 3 2 10 2 1325 1353 1354 1326
1343 3 2 10 2 1326 1354 1355 1327
1344 3 2 10 2 1327 1355 1356 1328
1345 3 2 10 2 1328 1356 237 238
1346 3 2 10 2 128 129 1357 1329
1347 3 2 10 2 1329 1357 1358 1330
1348 3 2 10 2 1330 1358 1359 1331
1349 3 2 10 2 1331 1359 1360 1332
1350 3 2 10 2 1332 1360 1361 1333
1351 3 2 10 2 1333 1361 1362 1334
1352 3 2 10 2 1334 1362 1363 1335
1353 3 2 10 2 1335 1363 1364 1336
1354 3 2 10 2 1336 1364 1365 1337
1355 3 2 10 2 1337 1365 1366 1338
1356 3 2 10 2 1338 1366 1367 1339
1357 3 2 10 2 1339 1367 1368 1340
1358 3 2 10 2 1340 1368 1369 1341
1359 3 2 10 2 1341 1369 1370 1342
1360 3 2 10 2 1342 1370 1371 1343
1361 3 2 10 2 1343 1371 1372 1344
1362 3 2 10 2 1344 1372 1373 1345
1363 3 2 10 2 1345 1373 1374 1346
1364 3 2 10 2 1346 1374 1375 1347
1365 3 2 10 2 1347 1375 1376 1348
1366 3 2 10 2 1348 1376 1377 1349
1367 3 2 10 2 1349 1377 1378 1350
1368 3 2 10 2 1350 1378 1379 1351
1369 3 2 10 2 1351 1379 1380 1352
1370 3 2 10 2 1352 1380 1381 1353
1371 3 2 10 2 1353 1381 1382 1354
1372 3 2 10 2 1354 1382 1383 1355
1373 3 2 10 2 1355 1383 1384 1356
1374 3 2 10 2 1356 1384 236 237
1375 3 2 10 2 129 130 1385 1357
1376 3 2 10 2 1357 1385 1386 1358
1377 3 2 10 2 1358 1386 1387 1359
1378 3 2 10 2 1359 1387 1388 1360
1379 3 2 10 2 1360 1388 1389 1361
1380 3 2 10 2 1361 1389 1390 1362
1381 3 2 10 2 1362 1390 1391 1363
1382 3 2 10 2 1363 1391 1392 1364
1383 3 2 10 2 1364 1392 1393 1365
1384 3 2 10 2 1365 1393 1394 1366
1385 3 2 10 2 1366 1394 1395 1367
1386 3 2 10 2 1367 1395 1396 1368
1387 3 2 10 2 1368 1396 1397 1369
1388 3 2 10 2 1369 1397 1398 1370
1389 3 2 10 2 1370 1398 1399 1371
1390 3 2 10 2 1371 1399 1400 1372
1391 3 2 10 2 1372 1400 1401 1373
1392 3 2 10 2 1373 1401 1402 1374
1393 3 2 10 2 1374 1402 1403 1375
1394 3 2 10 2 1375 1403 1404 1376
1395 3 2 10 2 1376 1404 1405 1377
1396 3 2 10 2 1377 1405 1406 1378
1397 3 2 10 2 1378 1406 1407 1379
1398 3 2 10 2 1379 1407 1408 1380
1399 3 2 10 2 1380 1408 1409 1381
1400 3 2 10 2 1381 1409 1410 1382
1401 3 2 10 2 1382 1410 1411 1383
1402 3 2 10 2 1383 1411 1412 1384
1403 3 2 10 2 1384 1412 235 236
1404 3 2 10 2 130 131 1413 1385
1405 3 2 10 2 1385 1413 1414 1386
1406 3 2 10 2 1386 1414 1415 1387
1407 3 2 10 2 1387 1415 1416 1388
1408 3 2 10 2 1388 1416 1417 1389
1409 3 2 10 2 1389 1417 1418 1390
1410 3 2 10 2 1390 1418 1419 1391
1411 3 2 10 2 1391 1419 1420 1392
1412 3 2 10 2 1392 1420 1421 1393
1413 3 2 10 2 1393 1421 1422 1394
1414 3 2 10 2 1394 1422 1423 1395
1415 3 2 10 2 1395 1423 1424 1396
1416 3 2 10 2 1396 1424 1425 1397
1417 3 2 10 2 1397 1425 1426 1398
1418 3 2 10 2 1398 1426 1427 1399
1419 3 2 10 2 1399 1427 1428 1400
1420 3 2 10 2 1400 1428 1429 1401
1421 3 2 10 2 1401 1429 1430 1402
1422 3 2 10 2 1402 1430 1431 1403
1423 3 2 10 2 1403 1431 1432 1404
1424 3 2 10 2 1404 1432 1433 1405
1425 3 2 10 2 1405 1433 1434 1406
1426 3 2 10 2 1406 1434 1435 1407
1427 3 2 10 2 1407 1435 1436 1408
1428 3 2 10 2 1408 1436 1437 1409
1429 3 2 10 2 1409 1437 1438 1410
1430 3 2 10 2 1410 1438 1439 1411
1431 3 2 10 2 1411 1439 1440 1412
1432 3 2 10 2 1412 1440 234 235
1433 3 2 10 2 131 132 1441 1413
1434 3 2 10 2 1413 1441 1442 1414
1435 3 2 10 2 1414 1442 1443 1415
1436 3 2 10 2 1415 1443 1444 1416
1437 3 2 10 2 1416 1444 1445 1417
1438 3 2 10 2 1417 1445 1446 1418
1439 3 2 10 2 1418 1446 1447 1419
1440 3 2 10 2 1419 1447 1448 1420
1441 3 2 10 2 1420 1448 1449 1421
1442 3 2 10 2 1421 1449 1450 1422
1443 3 2 10 2 1422 1450 1451 1423
1444 3 2 10 2 1423 1451 1452 1424
1445 3 2 10 2 1424 1452 1453 1425
1446 3 2 10 2 1425 1453 1454 1426
1447 3 2 10 2 1426 1454 1455 1427
1448 3 2 10 2 1427 1455 1456 1428
1449 3 2 10 2 1428 1456 1457 1429
1450 3 2 10 2 1429 1457 1458 1430
1451 3 2 10 2 1430 1458 1459 1431
1452 3 2 10 2 1431 1459 1460 1432
1453 3 2 10 2 1432 1460 1461 1433
1454 3 2 10 2 1433 1461 1462 1434
1455 3 2 10 2 1434 1462 1463 1435
1456 3 2 10 2 1435 1463 1464 1436
1457 3 2 10 2 1436 1464 1465 1437
1458 3 2 10 2 1437 1465 1466 1438
1459 3 2 10 2 1438 1466 1467 1439
1460 3 2 10 2 1439 1467 1468 1440
1461 3 2 10 2 1440 1468 233 234
1462 3 2 10 2 132 133 1469 1441
1463 3 2 10 2 1441 1469 1470 1442
1464 3 2 10 2 1442 1470 1471 1443
1465 3 2 10 2 1443 1471 1472 1444
1466 3 2 10 2 1444 1472 1473 1445
1467 3 2 10 2 1445 1473 1474 1446
1468 3 2 10 2 1446 1474 1475 1447
1469 3 2 10 2 1447 1475 1476 1448
1470 3 2 10 2 1448 1476 1477 1449
1471 3 2 10 2 1449 1477 1478 1450
1472 3 2 10 2 1450 1478 1479 1451
1473 3 2 10 2 1451 1479 1480 1452
1474 3 2 10 2 1452 1480 1481 1453
1475 3 2 10 2 1453 1481 1482 1454
1476 3 2 10 2 1454 1482 1483 1455
1477 3 2 10 2 1455 1483 1484 1456
1478 3 2 10 2 1456 1484 1485 1457
1479 3 2 10 2 1457 1485 1486 1458
1480 3 2 10 2 1458 1486 1487 1459
1481 3 2 10 2 1459 1487 1488 1460
1482 3 2 10 2 1460 1488 1489 1461
1483 3 2 10 2 1461 1489 1490 1462
1484 3 2 10 2 1462 1490 1491 1463
1485 3 2 10 2 1463 1491 1492 1464
1486 3 2 10 2 1464 1492 1493 1465
1487 3 2 10 2 1465 1493 1494 1466
1488 3 2 10 2 1466 1494 1495 1467
1489 3 2 10 2 1467 1495 1496 1468
1490 3 2 10 2 1468 1496 232 233
1491 3 2 10 2 133 134 1497 1469
1492 3 2 10 2 1469 1497 1498 1470
1493 3 2 10 2 1470 1498 1499 1471
1494 3 2 10 2 1471 1499 1500 1472
1495 3 2 10 2 1472 1500 1501 1473
1496 3 2 10 2 1473 1501 1502 1474
1497 3 2 10 2 1474 1502 1503 1475
1498 3 2 10 2 1475 1503 1504 1476
1499 3 2 10 2 1476 1504 1505 1477
1500 3 2 10 2 1477 1505 1506 1478
1501 3 2 10 2 1478 1506 1507 1479
1502 3 2 10 2 1479 1507 1508 1480
1503 3 2 10 2 1480 1508 1509 1481
1504 3 2 10 2 1481 1509 1510 1482
1505 3 2 10 2 1482 1510 1511 1483
1506 3 2 10 2 1483 1511 1512 1484
1507 3 2 10 2 1484 1512 1513 1485
1508 3 2 10 2 1485 1513 1514 1486
1509 3 2 10 2 1486 1514 1515 1487
1510 3 2 10 2 1487 1515 1516 1488
1511 3 2 10 2 1488 1516 1517 1489
1512 3 2 10 2 1489 1517 1518 1490
1513 3 2 10 2 1490 1518 1519 1491
1514 3 2 10 2 1491 1519 1520 1492
1515 3 2 10 2 1492 1520 1521 1493
1516 3 2 10 2 1493 1521 1522 1494
1517 3 2 10 2 1494 1522 1523 1495
1518 3 2 10 2 1495 1523 1524 1496
1519 3 2 10 2 1496 1524 231 232
1520 3 2 10 2 134 135 1525 1497
1521 3 2 10 2 1497 1525 1526 1498
1522 3 2 10 2 1498 1526 1527 1499
1523 3 2 10 2 1499 1527 1528 1500
1524 3 2 10 2 1500 1528 1529 1501
1525 3 2 10 2 1501 1529 1530 1502
1526 3 2 10 2 1502 1530 1531 1503
1527 3 2 10 2 1503 1531 1532 1504
1528 3 2 10 2 1504 1532 1533 1505
1529 3 2 10 2 1505 1533 1534 1506
1530 3 2 10 2 1506 1534 1535 1507
1531 3 2 10 2 1507 1535 1536 1508
1532 3 2 10 2 1508 1536 1537 1509
1533 3 2 10 2 1509 1537 1538 1510
1534 3 2 10 2 1510 1538 1539 1511
1535 3 2 10 2 1511 1539 1540 1512
1536 3 2 10 2 1512 1540 1541 1513
1537 3 2 10 2 1513 1541 1542 1514
1538 3 2 10 2 1514 1542 1543 1515
1539 3 2 10 2 1515 1543 1544 1516
1540 3 2 10 2 1516 1544 1545 1517
1541 3 2 10 2 1517 1545 1546 1518
1542 3 2 10 2 1518 1546 1547 1519
1543 3 2 10 2 1519 1547 1548 1520
1544 3 2 10 2 1520 1548 1549 1521
1545 3 2 10 2 1521 1549 1550 1522
1546 3 2 10 2 1522 1550 1551 1523
1547 3 2 10 2 1523 1551 1552 1524
1548 3 2 10 2 1524 1552 230 231
1549 3 2 10 2 135 136 1553 1525
1550 3 2 10 2 1525 1553 1554 1526
1551 3 2 10 2 1526 1554 1555 1527
1552 3 2 10 2 1527 1555 1556 1528
1553 3 2 10 2 1528 1556 1557 1529
1554 3 2 10 2 1529 1557 1558 1530
1555 3 2 10 2 1530 1558 1559 1531
1556 3 2 10 2 1531 1559 1560 1532
1557 3 2 10 2 1532 1560 1561 1533
1558 3 2 10 2 1533 1561 1562 1534
1559 3 2 10 2 1534 1562 1563 1535
1560 3 2 10 2 1535 1563 1564 1536
1561 3 2 10 2 1536 1564 1565 1537
1562 3 2 10 2 1537 1565 1566 1538
1563 3 2 10 2 1538 1566 1567 1539
1564 3 2 10 2 1539 1567 1568 1540
1565 3 2 10 2 1540 1568 1569 1541
1566 3 2 10 2 1541 1569 1570 1542
1567 3 2 10 2 1542 1570 1571 1543
1568 3 2 10 2 1543 1571 1572 1544
1569 3 2 10 2 1544 1572 1573 1545
1570 3 2 10 2 1545 1573 1574 1546
1571 3 2 10 2 1546 1574 1575 1547
1572 3 2 10 2 1547 1575 1576 1548
1573 3 2 10 2 1548 1576 1577 1549
1574 3 2 10 2 1549 1577 1578 1550
1575 3 2 10 2 1550 1578 1579 1551
1576 3 2 10 2 1551 1579 1580 1552
1577 3 2 10 2 1552 1580 229 230
1578 3 2 10 2 136 137 1581 1553
1579 3 2 10 2 1553 1581 1582 1554
1580 3 2 10 2 1554 1582 1583 1555
1581 3 2 10 2 1555 1583 1584 1556
1582 3 2 10 2 1556 1584 1585 1557
1583 3 2 10 2 1557 1585 1586 1558
1584 3 2 10 2 1558 1586 1587 1559
1585 3 2 10 2 1559 1587 1588 1560
1586 3 2 10 2 1560 1588 1589 1561
1587 3 2 10 2 1561 1589 1590 1562
1588 3 2 10 2 1562 1590 1591 1563
1589 3 2 10 2 1563 1591 1592 1564
1590 3 2 10 2 1564 1592 1593 1565
1591 3 2 10 2 1565 1593 1594 1566
1592 3 2 10 2 1566 1594 1595 1567
1593 3 2 10 2 1567 1595 1596 1568
1594 3 2 10 2 1568 1596 1597 1569
1595 3 2 10 2 1569 1597 1598 1570
1596 3 2 10 2 1570 1598 1599 1571
1597 3 2 10 2 1571 1599 1600 1572
1598 3 2 10 2 1572 1600 1601 1573
1599 3 2 10 2 1573 1601 1602 1574
1600 3 2 10 2 1574 1602 1603 1575
1601 3 2 10 2 1575 1603 1604 1576
1602 3 2 10 2 1576 1604 1605 1577
1603 3 2 10 2 1577 1605 1606 1578
1604 3 2 10 2 1578 1606 1607 1579
1605 3 2 10 2 1579 1607 1608 1580
1606 3 2 10 2 1580 1608 228 229
1607 3 2 10 2 137 138 1609 1581
1608 3 2 10 2 1581 1609 1610 1582
1609 3 2 10 2 1582 1610 1611 1583
1610 3 2 10 2 1583 1611 1612 1584
1611 3 2 10 2 1584 1612 1613 1585
1612 3 2 10 2 1585 1613 1614 1586
1613 3 2 10 2 1586 1614 1615 1587
1614 3 2 10 2 1587 1615 1616 1588
1615 3 2 10 2 1588 1616 1617 1589
1616 3 2 10 2 1589 1617 1618 1590
1617 3 2 10 2 1590 1618 1619 1591
1618 3 2 10 2 1591 1619 1620 1592
1619 3 2 10 2 1592 1620 1621 1593
1620 3 2 10 2 1593 1621 1622 1594
1621 3 2 10 2 1594 1622 1623 1595
1622 3 2 10 2 1595 1623 1624 1596
1623 3 2 10 2 1596 1624 1625 1597
1624 3 2 10 2 1597 1625 1626 1598
1625 3 2 10 2 1598 1626 1627 1599
1626 3 2 10 2 1599 1627 1628 1600
1627 3 2 10 2 1600 1628 1629 1601
1628 3 2 10 2 1601 1629 1630 1602
1629 3 2 10 2 1602 1630 1631 1603
1630 3 2 10 2 1603 1631 1632 1604
1631 3 2 10 2 1604 1632 1633 1605
1632 3 2 10 2 1605 1633 1634 1606
1633 3 2 10 2 1606 1634 1635 1607
1634 3 2 10 2 1607 1635 1636 1608
1635 3 2 10 2 1608 1636 227 228
1636 3 2 10 2 138 139 1637 1609
1637 3 2 10 2 1609 1637 1638 1610
1638 3 2 10 2 1610 1638 1639 1611
1639 3 2 10 2 1611 1639 1640 1612
1640 3 2 10 2 1612 1640 1641 1613
1641 3 2 10 2 1613 1641 1642 1614
1642 3 2 10 2 1614 1642 1643 1615
1643 3 2 10 2 1615 1643 1644 1616
1644 3 2 10 2 1616 1644 1645 1617
1645 3 2 10 2 1617 1645 1646 1618
1646 3 2 10 2 1618 1646 1647 1619
1647 3 2 10 2 1619 1647 1648 1620
1648 3 2 10 2 1620 1648 1649 1621
1649 3 2 10 2 1621 1649 1650 1622
1650 3 2 10 2 1622 1650 1651 1623
1651 3 2 10 2 1623 1651 1652 1624
1652 3 2 10 2 1624 1652 1653 1625
1653 3 2 10 2 1625 1653 1654 1626
1654 3 2 10 2 1626 1654 1655 1627
1655 3 2 10 2 1627 1655 1656 1628
1656 3 2 10 2 1628 1656 1657 1629
1657 3 2 10 2 1629 1657 1658 1630
1658 3 2 10 2 1630 1658 1659 1631
1659 3 2 10 2 1631 1659 1660 1632
1660 3 2 10 2 1632 1660 1661 1633
1661 3 2 10 2 1633 1661 1662 1634
1662 3 2 10 2 1634 1662 1663 1635
1663 3 2 10 2 1635 1663 1664 1636
1664 3 2 10 2 1636 1664 226 227
1665 3 2 10 2 139 140 1665 1637
1666 3 2 10 2 1637 1665 1666 1638
1667 3 2 10 2 1638 1666 1667 1639
1668 3 2 10 2 1639 1667 1668 1640
1669 3 2 10 2 1640 1668 1669 1641
1670 3 2 10 2 1641 1669 1670 1642
1671 3 2 10 2 1642 1670 1671 1643
1672 3 2 10 2 1643 1671 1672 1644
1673 3 2 10 2 1644 1672 1673 1645
1674 3 2 10 2 1645 1673 1674 1646
1675 3 2 10 2 1646 1674 1675 1647
1676 3 2 10 2 1647 1675 1676 1648
1677 3 2 10 2 1648 1676 1677 1649
1678 3 2 10 2 1649 1677 1678 1650
1679 3 2 10 2 1650 1678 1679 1651
1680 3 2 10 2 1651 1679 1680 1652
1681 3 2 10 2 1652 1680 1681 1653
1682 3 2 10 2 1653 1681 1682 1654
1683 3 2 10 2 1654 1682 1683 1655
1684 3 2 10 2 1655 1683 1684 1656
1685 3 2 10 2 1656 1684 1685 1657
1686 3 2 10 2 1657 1685 1686 1658
1687 3 2 10 2 1658 1686 1687 1659
1688 3 2 10 2 1659 1687 1688 1660
1689 3 2 10 2 1660 1688 1689 1661
1690 3 2 10 2 1661 1689 1690 1662
1691 3 2 10 2 1662 1690 1691 1663
1692 3 2 10 2 1663 1691 1692 1664
1693 3 2 10 2 1664 1692 225 226
1694 3 2 10 2 140 141 1693 1665
1695 3 2 10 2 1665 1693 1694 1666
1696 3 2 10 2 1666 1694 1695 1667
1697 3 2 10 2 1667 1695 1696 1668
1698 3 2 10 2 1668 1696 1697 1669
1699 3 2 10 2 1669 1697 1698 1670
1700 3 2 10 2 1670 1698 1699 1671
1701 3 2 10 2 1671 1699 1700 1672
1702 3 2 10 2 1672 1700 1701 1673
1703 3 2 10 2 1673 1701 1702 1674
1704 3 2 10 2 1674 1702 1703 1675
1705 3 2 10 2 1675 1703 1704 1676
1706 3 2 10 2 1676 1704 1705 1677
1707 3 2 10 2 1677 1705 1706 1678
1708 3 2 10 2 1678 1706 1707 1679
1709 3 2 10 2 1679 1707 1708 1680
1710 3 2 10 2 1680 1708 1709 1681
1711 3 2 10 2 1681 1709 1710 1682
1712 3 2 10 2 1682 1710 1711 1683
1713 3 2 10 2 1683 1711 1712 1684
1714 3 2 10 2 1684 1712 1713 1685
1715 3 2 10 2 1685 1713 1714 1686
1716 3 2 10 2 1686 1714 1715 1687
1717 3 2 10 2 1687 1715 1716 1688
1718 3 2 10 2 1688 1716 1717 1689
1719 3 2 10 2 1689 1717 1718 1690
1720 3 2 10 2 1690 1718 1719 1691
1721 3 2 10 2 1691 1719 1720 1692
1722 3 2 10 2 1692 1720 224 225
1723 3 2 10 2 141 142 1721 1693
1724 3 2 10 2 1693 1721 1722 1694
1725 3 2 10 2 1694 1722 1723 1695
1726 3 2 10 2 1695 1723 1724 1696
1727 3 2 10 2 1696 1724 1725 1697
1728 3 2 10 2 1697 1725 1726 1698
1729 3 2 10 2 1698 1726 1727 1699
1730 3 2 10 2 1699 1727 1728 1700
1731 3 2 10 2 1700 1728 1729 1701
1732 3 2 10 2 1701 1729 1730 1702
1733 3 2 10 2 1702 1730 1731 1703
1734 3 2 10 2 1703 1731 1732 1704
1735 3 2 10 2 1704 1732 1733 1705
1736 3 2 10 2 1705 1733 1734 1706
1737 3 2 10 2 1706 1734 1735 1707
1738 3 2 10 2 1707 1735 1736 1708
1739 3 2 10 2 1708 1736 1737 1709
1740 3 2 10 2 1709 1737 1738 1710
1741 3 2 10 2 1710 1738 1739 1711
1742 3 2 10 2 1711 1739 1740 1712
1743 3 2 10 2 1712 1740 1741 1713
1744 3 2 10 2 1713 1741 1742 1714
1745 3 2 10 2 1714 1742 1743 1715
1746 3 2 10 2 1715 1743 1744 1716
1747 3 2 10 2 1716 1744 1745 1717
1748 3 2 10 2 1717 1745 1746 1718
1749 3 2 10 2 1718 1746 1747 1719
1750 3 2 10 2 1719 1747 1748 1720
1751 3 2 10 2 1720 1748 223 224
1752 3 2 10 2 142 143 1749 1721
1753 3 2 10 2 1721 1749 1750 1722
1754 3 2 10 2 1722 1750 1751 1723
1755 3 2 10 2 1723 1751 1752 1724
1756 3 2 10 2 1724 1752 1753 1725
1757 3 2 10 2 1725 1753 1754 1726
1758 3 2 10 2 1726 1754 1755 1727
1759 3 2 10 2 1727 1755 1756 1728
1760 3 2 10 2 1728 1756 1757 1729
1761 3 2 10 2 1729 1757 1758 1730
1762 3 2 10 2 1730 1758 1759 1731
1763 3 2 10 2 1731 1759 1760 1732
1764 3 2 10 2 1732 1760 1761 1733
1765 3 2 10 2 1733 1761 1762 1734
1766 3 2 10 2 1734 1762 1763 1735
1767 3 2 10 2 1735 1763 1764 1736
1768 3 2 10 2 1736 1764 1765 1737
1769 3 2 10 2 1737 1765 1766 1738
1770 3 2 10 2 1738 1766 1767 1739
1771 3 2 10 2 1739 1767 1768 1740
1772 3 2 10 2 1740 1768 1769 1741
1773 3 2 10 2 1741 1769 1770 1742
1774 3 2 10 2 1742 1770 1771 1743
1775 3 2 10 2 1743 1771 1772 1744
1776 3 2 10 2 1744 1772 1773 1745
1777 3 2 10 2 1745 1773 1774 1746
1778 3 2 10 2 1746 1774 1775 1747
1779 3 2 10 2 1747 1775 1776 1748
1780 3 2 10 2 1748 1776 222 223
1781 3 2 10 2 143 144 1777 1749
1782 3 2 10 2 1749 1777 1778 1750
1783 3 2 10 2 1750 1778 1779 1751
1784 3 2 10 2 1751 1779 1780 1752
1785 3 2 10 2 1752 1780 1781 1753
1786 3 2 10 2 1753 1781 1782 1754
1787 3 2 10 2 1754 1782 1783 1755
1788 3 2 10 2 1755 1783 1784 1756
1789 3 2 10 2 1756 1784 1785 1757
1790 3 2 10 2 1757 1785 1786 1758
1791 3 2 10 2 1758 1786 1787 1759
1792 3 2 10 2 1759 1787 1788 1760
1793 3 2 10 2 1760 1788 1789 1761
1794 3 2 10 2 1761 1789 1790 1762
1795 3 2 10 2 1762 1790 1791 1763
1796 3 2 10 2 1763 1791 1792 1764
1797 3 2 10 2 1764 1792 1793 1765
1798 3 2 10 2 1765 1793 1794 1766
1799 3 2 10 2 1766 1794 1795 1767
1800 3 2 10 2 1767 1795 1796 1768
1801 3 2 10 2 1768 1796 1797 1769
1802 3 2 10 2 1769 1797 1798 1770
1803 3 2 10 2 1770 1798 1799 1771
1804 3 2 10 2 1771 1799 1800 1772
1805 3 2 10 2 1772 1800 1801 1773
1806 3 2 10 2 1773 1801 1802 1774
1807 3 2 10 2 1774 1802 1803 1775
1808 3 2 10 2 1775 1803 1804 1776
1809 3 2 10 2 1776 1804 221 222
1810 3 2 10 2 144 145 1805 1777
1811 3 2 10 2 1777 1805 1806 1778
1812 3 2 10 2 1778 1806 1807 1779
1813 3 2 10 2 1779 1807 1808 1780
1814 3 2 10 2 1780 1808 1809 1781
1815 3 2 10 2 1781 1809 1810 1782
1816 3 2 10 2 1782 1810 1811 1783
1817 3 2 10 2 1783 1811 1812 1784
1818 3 2 10 2 1784 1812 1813 1785
1819 3 2 10 2 1785 1813 1814 1786
1820 3 2 10 2 1786 1814 1815 1787
1821 3 2 10 2 1787 1815 1816 1788
1822 3 2 10 2 1788 1816 1817 1789
1823 3 2 10 2 1789 1817 1818 1790
1824 3 2 10 2 1790 1818 1819 1791
1825 3 2 10 2 1791 1819 1820 1792
1826 3 2 10 2 1792 1820 1821 1793
1827 3 2 10 2 1793 1821 1822 1794
1828 3 2 10 2 1794 1822 1823 1795
1829 3 2 10 2 1795 1823 1824 1796
1830 3 2 10 2 1796 1824 1825 1797
1831 3 2 10 2 1797 1825 1826 1798
1832 3 2 10 2 1798 1826 1827 1799
1833 3 2 10 2 1799 1827 1828 1800
1834 3 2 10 2 1800 1828 1829 1801
1835 3 2 10 2 1801 1829 1830 1802
1836 3 2 10 2 1802 1830 1831 1803
1837 3 2 10 2 1803 1831 1832 1804
1838 3 2 10 2 1804 1832 220 221
1839 3 2 10 2 145 146 1833 1805
1840 3 2 10 2 1805 1833 1834 1806
1841 3 2 10 2 1806 1834 1835 1807
1842 3 2 10 2 1807 1835 1836 1808
1843 3 2 10 2 1808 1836 1837 1809
1844 3 2 10 2 1809 1837 1838 1810
1845 3 2 10 2 1810 1838 1839 1811
1846 3 2 10 2 1811 1839 1840 1812
1847 3 2 10 2 1812 1840 1841 1813
1848 3 2 10 2 1813 1841 1842 1814
1849 3 2 10 2 1814 1842 1843 1815
1850 3 2 10 2 1815 1843 1844 1816
1851 3 2 10 2 1816 1844 1845 1817
1852 3 2 10 2 1817 1845 1846 1818
1853 3 2 10 2 1818 1846 1847 1819
1854 3 2 10 2 1819 1847 1848 1820
1855 3 2 10 2 1820 1848 1849 1821
1856 3 2 10 2 1821 1849 1850 1822
1857 3 2 10 2 1822 1850 1851 1823
1858 3 2 10 2 1823 1851 1852 1824
1859 3 2 10 2 1824 1852 1853 1825
1860 3 2 10 2 1825 1853 1854 1826
1861 3 2 10 2 1826 1854 1855 1827
1862 3 2 10 2 1827 1855 1856 1828
1863 3 2 10 2 1828 1856 1857 1829
1864 3 2 10 2 1829 1857 1858 1830
1865 3 2 10 2 1830 1858 1859 1831
1866 3 2 10 2 1831 1859 1860 1832
1867 3 2 10 2 1832 1860 219 220
1868 3 2 10 2 146 147 1861 1833
1869 3 2 10 2 1833 1861 1862 1834
1870 3 2 10 2 1834 1862 1863 1835
1871 3 2 10 2 1835 1863 1864 1836
1872 3 2 10 2 1836 1864 1865 1837
1873 3 2 10 2 1837 1865 1866 1838
1874 3 2 10 2 1838 1866 1867 1839
1875 3 2 10 2 1839 1867 1868 1840
1876 3 2 10 2 1840 1868 1869 1841
1877 3 2 10 2 1841 1869 1870 1842
1878 3 2 10 2 1842 1870 1871 1843
1879 3 2 10 2 1843 1871 1872 1844
1880 3 2 10 2 1844 1872 1873 1845
1881 3 2 10 2 1845 1873 1874 1846
1882 3 2 10 2 1846 1874 1875 1847
1883 3 2 10 2 1847 1875 1876 1848
1884 3 2 10 2 1848 1876 1877 1849
1885 3 2 10 2 1849 1877 1878 1850
1886 3 2 10 2 1850 1878 1879 1851
1887 3 2 10 2 1851 1879 1880 1852
1888 3 2 10 2 1852 1880 1881 1853
1889 3 2 10 2 1853 1881 1882 1854
1890 3 2 10 2 1854 1882 1883 1855
1891 3 2 10 2 1855 1883 1884 1856
1892 3 2 10 2 1856 1884 1885 1857
1893 3 2 10 2 1857 1885 1886 1858
1894 3 2 10 2 1858 1886 1887 1859
1895 3 2 10 2 1859 1887 1888 1860
1896 3 2 10 2 1860 1888 218 219
1897 3 2 10 2 147 148 1889 1861
1898 3 2 10 2 1861 1889 1890 1862
1899 3 2 10 2 1862 1890 1891 1863
1900 3 2 10 2 1863 1891 1892 1864
1901 3 2 10 2 1864 1892 1893 1865
1902 3 2 10 2 1865 1893 1894 1866
1903 3 2 10 2 1866 1894 1895 1867
1904 3 2 10 2 1867 1895 1896 1868
1905 3 2 10 2 1868 1896 1897 1869
1906 3 2 10 2 1869 1897 1898 1870
1907 3 2 10 2 1870 1898 1899 1871
1908 3 2 10 2 1871 1899 1900 1872
1909 3 2 10 2 1872 1900 1901 1873
1910 3 2 10 2 1873 1901 1902 1874
1911 3 2 10 2 1874 1902 1903 1875
1912 3 2 10 2 1875 1903 1904 1876
1913 3 2 10 2 1876 1904 1905 1877
1914 3 2 10 2 1877 1905 1906 1878
1915 3 2 10 2 1878 1906 1907 1879
1916 3 2 10 2 1879 1907 1908 1880
1917 3 2 10 2 1880 1908 1909 1881
1918 3 2 10 2 1881 1909 1910 1882
1919 3 2 10 2 1882 1910 1911 1883
1920 3 2 10 2 1883 1911 1912 1884
1921 3 2 10 2 1884 1912 1913 1885
1922 3 2 10 2 1885 1913 1914 1886
1923 3 2 10 2 1886 1914 1915 1887
1924 3 2 10 2 1887 1915 1916 1888
1925 3 2 10 2 1888 1916 217 218
1926 3 2 10 2 148 149 1917 1889
1927 3 2 10 2 1889 1917 1918 1890
1928 3 2 10 2 1890 1918 1919 1891
1929 3 2 10 2 1891 1919 1920 1892
1930 3 2 10 2 1892 1920 1921 1893
1931 3 2 10 2 1893 1921 1922 1894
1932 3 2 10 2 1894 1922 1923 1895
1933 3 2 10 2 1895 1923 1924 1896
1934 3 2 10 2 1896 1924 1925 1897
1935 3 2 10 2 1897 1925 1926 1898
1936 3 2 10 2 1898 1926 1927 1899
1937 3 2 10 2 1899 1927 1928 1900
1938 3 2 10 2 1900 1928 1929 1901
1939 3 2 10 2 1901 1929 1930 1902
1940 3 2 10 2 1902 1930 1931 1903
1941 3 2 10 2 1903 1931 1932 1904
1942 3 2 10 2 1904 1932 1933 1905
1943 3 2 10 2 1905 1933 1934 1906
1944 3 2 10 2 1906 1934 1935 1907
1945 3 2 10 2 1907 1935 1936 1908
1946 3 2 10 2 1908 1936 1937 1909
1947 3 2 10 2 1909 1937 1938 1910
1948 3 2 10 2 1910 1938 1939 1911
1949 3 2 10 2 1911 1939 1940 1912
1950 3 2 10 2 1912 1940 1941 1913
1951 3 2 10 2 1913 1941 1942 1914
1952 3 2 10 2 1914 1942 1943 1915
1953 3 2 10 2 1915 1943 1944 1916
1954 3 2 10 2 1916 1944 216 217
1955 3 2 10 2 149 150 1945 1917
1956 3 2 10 2 1917 1945 1946 1918
1957 3 2 10 2 1918 1946 1947 1919
1958 3 2 10 2 1919 1947 1948 1920
1959 3 2 10 2 1920 1948 1949 1921
1960 3 2 10 2 1921 1949 1950 1922
1961 3 2 10 2 1922 1950 1951 1923
1962 3 2 10 2 1923 1951 1952 1924
1963 3 2 10 2 1924 1952 1953 1925
1964 3 2 10 2 1925 1953 1954 1926
1965 3 2 10 2 1926 1954 1955 1927
1966 3 2 10 2 1927 1955 1956 1928
1967 3 2 10 2 1928 1956 1957 1929
1968 3 2 10 2 1929 1957 1958 1930
1969 3 2 10 2 1930 1958 1959 1931
1970 3 2 10 2 1931 1959 1960 1932
1971 3 2 10 2 1932 1960 1961 1933
1972 3 2 10 2 1933 1961 1962 1934
1973 3 2 10 2 1934 1962 1963 1935
1974 3 2 10 2 1935 1963 1964 1936
1975 3 2 10 2 1936 1964 1965 1937
1976 3 2 10 2 1937 1965 1966 1938
1977 3 2 10 2 1938 1966 1967 1939
1978 3 2 10 2 1939 1967 1968 1940
1979 3 2 10 2 1940 1968 1969 1941
1980 3 2 10 2 1941 1969 1970 1942
1981 3 2 10 2 1942 1970 1971 1943
1982 3 2 10 2 1943 1971 1972 1944
1983 3 2 10 2 1944 1972 215 216
1984 3 2 10 2 150 151 1973 1945
1985 3 2 10 2 1945 1973 1974 1946
1986 3 2 10 2 1946 1974 1975 1947
1987 3 2 10 2 1947 1975 1976 1948
1988 3 2 10 2 1948 1976 1977 1949
1989 3 2 10 2 1949 1977 1978 1950
1990 3 2 10 2 1950 1978 1979 1951
1991 3 2 10 2 1951 1979 1980 1952
1992 3 2 10 2 1952 1980 1981 1953
1993 3 2 10 2 1953 1981 1982 1954
1994 3 2 10 2 1954 1982 1983 1955
1995 3 2 10 2 1955 1983 1984 1956
1996 3 2 10 2 1956 1984 1985 1957
1997 3 2 10 2 1957 1985 1986 1958
1998 3 2 10 2 1958 1986 1987 1959
1999 3 2 10 2 1959 1987 1988 1960
2000 3 2 10 2 1960 1988 1989 1961
2001 3 2 10 2 1961 1989 1990 1962
2002 3 2 10 2 1962 1990 1991 1963
2003 3 2 10 2 1963 1991 1992 1964
2004 3 2 10 2 1964 1992 1993 1965
2005 3 2 10 2 1965 1993 1994 1966
2006 3 2 10 2 1966 1994 1995 1967
2007 3 2 10 2 1967 1995 1996 1968
2008 3 2 10 2 1968 1996 1997 1969
2009 3 2 10 2 1969 1997 1998 1970
2010 3 2 10 2 1970 1998 1999 1971
2011 3 2 10 2 1971 1999 2000 1972
2012 3 2 10 2 1972 2000 214 215
2013 3 2 10 2 151 152 2001 1973
2014 3 2 10 2 1973 2001 2002 1974
2015 3 2 10 2 1974 2002 2003 1975
2016 3 2 10 2 1975 2003 2004 1976
2017 3 2 10 2 1976 2004 2005 1977
2018 3 2 10 2 1977 2005 2006 1978
2019 3 2 10 2 1978 2006 2007 1979
2020 3 2 10 2 1979 2007 2008 1980
2021 3 2 10 2 1980 2008 2009 1981
2022 3 2 10 2 1981 2009 2010 1982
2023 3 2 10 2 1982 2010 2011 1983
2024 3 2 10 2 1983 2011 2012 1984
2025 3 2 10 2 1984 2012 2013 1985
2026 3 2 10 2 1985 2013 2014 1986
2027 3 2 10 2 1986 2014 2015 1987
2028 3 2 10 2 1987 2015 2016 1988
2029 3 2 10 2 1988 2016 2017 1989
2030 3 2 10 2 1989 2017 2018 1990
2031 3 2 10 2 1990 2018 2019 1991
2032 3 2 10 2 1991 2019 2020 1992
2033 3 2 10 2 1992 2020 2021 1993
2034 3 2 10 2 1993 2021 2022 1994
2035 3 2 10 2 1994 2022 2023 1995
2036 3 2 10 2 1995 2023 2024 1996
2037 3 2 10 2 1996 2024 2025 1997
2038 3 2 10 2 1997 2025 2026 1998
2039 3 2 10 2 1998 2026 2027 1999
2040 3 2 10 2 1999 2027 2028 2000
2041 3 2 10 2 2000 2028 213 214
2042 3 2 10 2 152 153 2029 2001
2043 3 2 10 2 2001 2029 2030 2002
2044 3 2 10 2 2002 2030 2031 2003
2045 3 2 10 2 2003 2031 2032 2004
2046 3 2 10 2 2004 2032 2033 2005
2047 3 2 10 2 2005 2033 2034 2006
2048 3 2 10 2 2006 2034 2035 2007
2049 3 2 10 2 2007 2035 2036 2008
2050 3 2 10 2 2008 2036 2037 2009
2051 3 2 10 2 2009 2037 2038 2010
2052 3 2 10 2 2010 2038 2039 2011
2053 3 2 10 2 2011 2039 2040 2012
2054 3 2 10 2 2012 2040 2041 2013
2055 3 2 10 2 2013 2041 2042 2014
2056 3 2 10 2 2014 2042 2043 2015
2057 3 2 10 2 2015 2043 2044 2016
2058 3 2 10 2 2016 2044 2045 2017
2059 3 2 10 2 2017 2045 2046 2018
2060 3 2 10 2 2018 2046 2047 2019
2061 3 2 10 2 2019 2047 2048 2020
2062 3 2 10 2 2020 2048 2049 2021
2063 3 2 10 2 2021 2049 2050 2022
2064 3 2 10 2 2022 2050 2051 2023
2065 3 2 10 2 2023 2051 2052 2024
2066 3 2 10 2 2024 2052 2053 2025
2067 3 2 10 2 2025 2053 2054 2026
2068 3 2 10 2 2026 2054 2055 2027
2069 3 2 10 2 2027 2055 2056 2028
2070 3 2 10 2 2028 2056 212 213
2071 3 2 10 2 153 154 2057 2029
2072 3 2 10 2 2029 2057 2058 2030
2073 3 2 10 2 2030 2058 2059 2031
2074 3 2 10 2 2031 2059 2060 2032
2075 3 2 10 2 2032 2060 2061 2033
2076 3 2 10 2 2033 2061 2062 2034
2077 3 2 10 2 2034 2062 2063 2035
2078 3 2 10 2 2035 2063 2064 2036
2079 3 2 10 2 2036 2064 2065 2037
2080 3 2 10 2 2037 2065 2066 2038
2081 3 2 10 2 2038 2066 2067 2039
2082 3 2 10 2 2039 2067 2068 2040
2083 3 2 10 2 2040 2068 2069 2041
2084 3 2 10 2 2041 2069 2070 2042
2085 3 2 10 2 2042 2070 2071 2043
2086 3 2 10 2 2043 2071 2072 2044
2087 3 2 10 2 2044 2072 2073 2045
2088 3 2 10 2 2045 2073 2074 2046
2089 3 2 10 2 2046 2074 2075 2047
2090 3 2 10 2 2047 2075 2076 2048
2091 3 2 10 2 2048 2076 2077 2049
2092 3 2 10 2 2049 2077 2078 2050
2093 3 2 10 2 2050 2078 2079 2051
2094 3 2 10 2 2051 2079 2080 2052
2095 3 2 10 2 2052 2080 2081 2053
2096 3 2 10 2 2053 2081 2082 2054
2097 3 2 10 2 2054 2082 2083 2055
2098 3 2 10 2 2055 2083 2084 2056
2099 3 2 10 2 2056 2084 211 212
2100 3 2 10 2 154 155 2085 2057
2101 3 2 10 2 2057 2085 2086 2058
2102 3 2 10 2 2058 2086 2087 2059
2103 3 2 10 2 2059 2087 2088 2060
2104 3 2 10 2 2060 2088 2089 2061
2105 3 2 10 2 2061 2089 2090 2062
2106 3 2 10 2 2062 2090 2091 2063
2107 3 2 10 2 2063 2091 2092 2064
2108 3 2 10 2 2064 2092 2093 2065
2109 3 2 10 2 2065 2093 2094 2066
2110 3 2 10 2 2066 2094 2095 2067
2111 3 2 10 2 2067 2095 2096 2068
2112 3 2 10 2 2068 2096 2097 2069
2113 3 2 10 2 2069 2097 2098 2070
2114 3 2 10 2 2070 2098 2099 2071
2115 3 2 10 2 2071 2099 2100 2072
2116 3 2 10 2 2072 2100 2101 2073
2117 3 2 10 2 2073 2101 2102 2074
2118 3 2 10 2 2074 2102 2103 2075
2119 3 2 10 2 2075 2103 2104 2076
2120 3 2 10 2 2076 2104 2105 2077
2121 3 2 10 2 2077 2105 2106 2078
2122 3 2 10 2 2078 2106 2107 2079
2123 3 2 10 2 2079 2107 2108 2080
2124 3 2 10 2 2080 2108 2109 2081
2125 3 2 10 2 2081 2109 2110 2082
2126 3 2 10 2 2082 2110 2111 2083
2127 3 2 10 2 2083 2111 2112 2084
2128 3 2 10 2 2084 2112 210 211
2129 3 2 10 2 155 156 2113 2085
2130 3 2 10 2 2085 2113 2114 2086
2131 3 2 10 2 2086 2114 2115 2087
2132 3 2 10 2 2087 2115 2116 2088
2133 3 2 10 2 2088 2116 2117 2089
2134 3 2 10 2 2089 2117 2118 2090
2135 3 2 10 2 2090 2118 2119 2091
2136 3 2 10 2 2091 2119 2120 2092
2137 3 2 10 2 2092 2120 2121 2093
2138 3 2 10 2 2093 2121 2122 2094
2139 3 2 10 2 2094 2122 2123 2095
2140 3 2 10 2 2095 2123 2124 2096
2141 3 2 10 2 2096 2124 2125 2097
2142 3 2 10 2 2097 2125 2126 2098
2143 3 2 10 2 2098 2126 2127 2099
2144 3 2 10 2 2099 2127 2128 2100
2145 3 2 10 2 2100 2128 2129 2101
2146 3 2 10 2 2101 2129 2130 2102
2147 3 2 10 2 2102 2130 2131 2103
2148 3 2 10 2 2103 2131 2132 2104
2149 3 2 10 2 2104 2132 2133 2105
2150 3 2 10 2 2105 2133 2134 2106
2151 3 2 10 2 2106 2134 2135 2107
2152 3 2 10 2 2107 2135 2136 2108
2153 3 2 10 2 2108 2136 2137 2109
2154 3 2 10 2 2109 2137 2138 2110
2155 3 2 10 2 2110 2138 2139 2111
2156 3 2 10 2 2111 2139 2140 2112
2157 3 2 10 2 2112 2140 209 210
2158 3 2 10 2 156 157 2141 2113
2159 3 2 10 2 2113 2141 2142 2114
2160 3 2 10 2 2114 2142 2143 2115
2161 3 2 10 2 2115 2143 2144 2116
2162 3 2 10 2 2116 2144 2145 2117
2163 3 2 10 2 2117 2145 2146 2118
2164 3 2 10 2 2118 2146 2147 2119
2165 3 2 10 2 2119 2147 2148 2120
2166 3 2 10 2 2120 2148 2149 2121
2167 3 2 10 2 2121 2149 2150 2122
2168 3 2 10 2 2122 2150 2151 2123
2169 3 2 10 2 2123 2151 2152 2124
2170 3 2 10 2 2124 2152 2153 2125
2171 3 2 10 2 2125 2153 2154 2126
2172 3 2 10 2 2126 2154 2155 2127
2173 3 2 10 2 2127 2155 2156 2128
2174 3 2 10 2 2128 2156 2157 2129
2175 3 2 10 2 2129 2157 2158 2130
2176 3 2 10 2 2130 2158 2159 2131
2177 3 2 10 2 2131 2159 2160 2132
2178 3 2 10 2 2132 2160 2161 2133
2179 3 2 10 2 2133 2161 2162 2134
2180 3 2 10 2 2134 2162 2163 2135
2181 3 2 10 2 2135 2163 2164 2136
2182 3 2 10 2 2136 2164 2165 2137
2183 3 2 10 2 2137 2165 2166 2138
2184 3 2 10 2 2138 2166 2167 2139
2185 3 2 10 2 2139 2167 2168 2140
2186 3 2 10 2 2140 2168 208 209
2187 3 2 10 2 157 158 2169 2141
2188 3 2 10 2 2141 2169 2170 2142
2189 3 2 10 2 2142 2170 2171 2143
2190 3 2 10 2 2143 2171 2172 2144
2191 3 2 10 2 2144 2172 2173 2145
2192 3 2 10 2 2145 2173 2174 2146
2193 3 2 10 2 2146 2174 2175 2147
2194 3 2 10 2 2147 2175 2176 2148
2195 3 2 10 2 2148 2176 2177 2149
2196 3 2 10 2 2149 2177 2178 2150
2197 3 2 10 2 2150 2178 2179 2151
2198 3 2 10 2 2151 2179 2180 2152
2199 3 2 10 2 2152 2180 2181 2153
2200 3 2 10 2 2153 2181 2182 2154
2201 3 2 10 2 2154 2182 2183 2155
2202 3 2 10 2 2155 2183 2184 2156
2203 3 2 10 2 2156 2184 2185 2157
2204 3 2 10 2 2157 2185 2186 2158
2205 3 2 10 2 2158 2186 2187 2159
2206 3 2 10 2 2159 2187 2188 2160
2207 3 2 10 2 2160 2188 2189 2161
2208 3 2 10 2 2161 2189 2190 2162
2209 3 2 10 2 2162 2190 2191 2163
2210 3 2 10 2 2163 2191 2192 2164
2211 3 2 10 2 2164 2192 2193 2165
2212 3 2 10 2 2165 2193 2194 2166
2213 3 2 10 2 2166 2194 2195 2167
2214 3 2 10 2 2167 2195 2196 2168
2215 3 2 10 2 2168 2196 207 208
2216 3 2 10 2 158 159 2197 2169
2217 3 2 10 2 2169 2197 2198 2170
2218 3 2 10 2 2170 2198 2199 2171
2219 3 2 10 2 2171 2199 2200 2172
2220 3 2 10 2 2172 2200 2201 2173
2221 3 2 10 2 2173 2201 2202 2174
2222 3 2 10 2 2174 2202 2203 2175
2223 3 2 10 2 2175 2203 2204 2176
2224 3 2 10 2 2176 2204 2205 2177
2225 3 2 10 2 2177 2205 2206 2178
2226 3 2 10 2 2178 2206 2207 2179
2227 3 2 10 2 2179 2207 2208 2180
2228 3 2 10 2 2180 2208 2209 2181
2229 3 2 10 2 2181 2209 2210 2182
2230 3 2 10 2 2182 2210 2211 2183
2231 3 2 10 2 2183 2211 2212 2184
2232 3 2 10 2 2184 2212 2213 2185
2233 3 2 10 2 2185 2213 2214 2186
2234 3 2 10 2 2186 2214 2215 2187
2235 3 2 10 2 2187 2215 2216 2188
2236 3 2 10 2 2188 2216 2217 2189
2237 3 2 10 2 2189 2217 2218 2190
2238 3 2 10 2 2190 2218 2219 2191
2239 3 2 10 2 2191 2219 2220 2192
2240 3 2 10 2 2192 2220 2221 2193
2241 3 2 10 2 2193 2221 2222 2194
2242 3 2 10 2 2194 2222 2223 2195
2243 3 2 10 2 2195 2223 2224 2196
2244 3 2 10 2 2196 2224 206 207
2245 3 2 10 2 159 160 2225 2197
2246 3 2 10 2 2197 2225 2226 2198
2247 3 2 10 2 2198 2226 2227 2199
2248 3 2 10 2 2199 2227 2228 2200
2249 3 2 10 2 2200 2228 2229 2201
2250 3 2 10 2 2201 2229 2230 2202
2251 3 2 10 2 2202 2230 2231 2203
2252 3 2 10 2 2203 2231 2232 2204
2253 3 2 10 2 2204 2232 2233 2205
2254 3 2 10 2 2205 2233 2234 2206
2255 3 2 10 2 2206 2234 2235 2207
2256 3 2 10 2 2207 2235 2236 2208
2257 3 2 10 2 2208 2236 2237 2209
2258 3 2 10 2 2209 2237 2238 2210
2259 3 2 10 2 2210 2238 2239 2211
2260 3 2 10 2 2211 2239 2240 2212
2261 3 2 10 2 2212 2240 2241 2213
2262 3 2 10 2 2213 2241 2242 2214
2263 3 2 10 2 2214 2242 2243 2215
2264 3 2 10 2 2215 2243 2244 2216
2265 3 2 10 2 2216 2244 2245 2217
2266 3 2 10 2 2217 2245 2246 2218
2267 3 2 10 2 2218 2246 2247 2219
2268 3 2 10 2 2219 2247 2248 2220
2269 3 2 10 2 2220 2248 2249 2221
2270 3 2 10 2 2221 2249 2250 2222
2271 3 2 10 2 2222 2250 2251 2223
2272 3 2 10 2 2223 2251 2252 2224
2273 3 2 10 2 2224 2252 205 206
2274 3 2 10 2 160 161 2253 2225
2275 3 2 10 2 2225 2253 2254 2226
2276 3 2 10 2 2226 2254 2255 2227
2277 3 2 10 2 2227 2255 2256 2228
2278 3 2 10 2 2228 2256 2257 2229
2279 3 2 10 2 2229 2257 2258 2230
2280 3 2 10 2 2230 2258 2259 2231
2281 3 2 10 2 2231 2259 2260 2232
2282 3 2 10 2 2232 2260 2261 2233
2283 3 2 10 2 2233 2261 2262 2234
2284 3 2 10 2 2234 2262 2263 2235
2285 3 2 10 2 2235 2263 2264 2236
2286 3 2 10 2 2236 2264 2265 2237
2287 3 2 10 2 2237 2265 2266 2238
2288 3 2 10 2 2238 2266 2267 2239
2289 3 2 10 2 2239 2267 2268 2240
2290 3 2 10 2 2240 2268 2269 2241
2291 3 2 10 2 2241 2269 2270 2242
2292 3 2 10 2 2242 2270 2271 2243
2293 3 2 10 2 2243 2271 2272 2244
2294 3 2 10 2 2244 2272 2273 2245
2295 3 2 10 2 2245 2273 2274 2246
2296 3 2 10 2 2246 2274 2275 2247
2297 3 2 10 2 2247 2275 2276 2248
2298 3 2 10 2 2248 2276 2277 2249
2299 3 2 10 2 2249 2277 2278 2250
2300 3 2 10 2 2250 2278 2279 2251
2301 3 2 10 2 2251 2279 2280 2252
2302 3 2 10 2 2252 2280 204 205
2303 3 2 10 2 161 162 2281 2253
2304 3 2 10 2 2253 2281 2282 2254
2305 3 2 10 2 2254 2282 2283 2255
2306 3 2 10 2 2255 2283 2284 2256
2307 3 2 10 2 2256 2284 2285 2257
2308 3 2 10 2 2257 2285 2286 2258
2309 3 2 10 2 2258 2286 2287 2259
2310 3 2 10 2 2259 2287 2288 2260
2311 3 2 10 2 2260 2288 2289 2261
2312 3 2 10 2 2261 2289 2290 2262
2313 3 2 10 2 2262 2290 2291 2263
2314 3 2 10 2 2263 2291 2292 2264
2315 3 2 10 2 2264 2292 2293 2265
2316 3 2 10 2 2265 2293 2294 2266
2317 3 2 10 2 2266 2294 2295 2267
2318 3 2 10 2 2267 2295 2296 2268
2319 3 2 10 2 2268 2296 2297 2269
2320 3 2 10 2 2269 2297 2298 2270
2321 3 2 10 2 2270 2298 2299 2271
2322 3 2 10 2 2271 2299 2300 2272
2323 3 2 10 2 2272 2300 2301 2273
2324 3 2 10 2 2273 2301 2302 2274
2325 3 2 10 2 2274 2302 2303 2275
2326 3 2 10 2 2275 2303 2304 2276
2327 3 2 10 2 2276 2304 2305 2277
2328 3 2 10 2 2277 2305 2306 2278
2329 3 2 10 2 2278 2306 2307 2279
2330 3 2 10 2 2279 2307 2308 2280
2331 3 2 10 2 2280 2308 203 204
2332 3 2 10 2 162 163 2309 2281
2333 3 2 10 2 2281 2309 2310 2282
2334 3 2 10 2 2282 2310 2311 2283
2335 3 2 10 2 2283 2311 2312 2284
2336 3 2 10 2 2284 2312 2313 2285
2337 3 2 10 2 2285 2313 2314 2286
2338 3 2 10 2 2286 2314 2315 2287
2339 3 2 10 2 2287 2315 2316 2288
2340 3 2 10 2 2288 2316 2317 2289
2341 3 2 10 2 2289 2317 2318 2290
2342 3 2 10 2 2290 2318 2319 2291
2343 3 2 10 2 2291 2319 2320 2292
2344 3 2 10 2 2292 2320 2321 2293
2345 3 2 10 2 2293 2321 2322 2294
2346 3 2 10 2 2294 2322 2323 2295
2347 3 2 10 2 2295 2323 2324 2296
2348 3 2 10 2 2296 2324 2325 2297
2349 3 2 10 2 2297 2325 2326 2298
2350 3 2 10 2 2298 2326 2327 2299
2351 3 2 10 2 2299 2327 2328 2300
2352 3 2 10 2 2300 2328 2329 2301
2353 3 2 10 2 2301 2329 2330 2302
2354 3 2 10 2 2302 2330 2331 2303
2355 3 2 10 2 2303 2331 2332 2304
2356 3 2 10 2 2304 2332 2333 2305
2357 3 2 10 2 2305 2333 2334 2306
2358 3 2 10 2 2306 2334 2335 2307
2359 3 2 10 2 2307 2335 2336 2308
2360 3 2 10 2 2308 2336 202 203
2361 3 2 10 2 163 164 2337 2309
2362 3 2 10 2 2309 2337 2338 2310
2363 3 2 10 2 2310 2338 2339 2311
2364 3 2 10 2 2311 2339 2340 2312
2365 3 2 10 2 2312 2340 2341 2313
2366 3 2 10 2 2313 2341 2342 2314
2367 3 2 10 2 2314 2342 2343 2315
2368 3 2 10 2 2315 2343 2344 2316
2369 3 2 10 2 2316 2344 2345 2317
2370 3 2 10 2 2317 2345 2346 2318
2371 3 2 10 2 2318 2346 2347 2319
2372 3 2 10 2 2319 2347 2348 2320
2373 3 2 10 2 2320 2348 2349 2321
2374 3 2 10 2 2321 2349 2350 2322
2375 3 2 10 2 2322 2350 2351 2323
2376 3 2 10 2 2323 2351 2352 2324
2377 3 2 10 2 2324 2352 2353 2325
2378 3 2 10 2 2325 2353 2354 2326
2379 3 2 10 2 2326 2354 2355 2327
2380 3 2 10 2 2327 2355 2356 2328
2381 3 2 10 2 2328 2356 2357 2329
2382 3 2 10 2 2329 2357 2358 2330
2383 3 2 10 2 2330 2358 2359 2331
2384 3 2 10 2 2331 2359 2360 2332
2385 3 2 10 2 2332 2360 2361 2333
2386 3 2 10 2 2333 2361 2362 2334
2387 3 2 10 2 2334 2362 2363 2335
2388 3 2 10 2 2335 2363 2364 2336
2389 3 2 10 2 2336 2364 201 202
2390 3 2 10 2 164 165 2365 2337
2391 3 2 10 2 2337 2365 2366 2338
2392 3 2 10 2 2338 2366 2367 2339
2393 3 2 10 2 2339 2367 2368 2340
2394 3 2 10 2 2340 2368 2369 2341
2395 3 2 10 2 2341 2369 2370 2342
2396 3 2 10 2 2342 2370 2371 2343
2397 3 2 10 2 2343 2371 2372 2344
2398 3 2 10 2 2344 2372 2373 2345
2399 3 2 10 2 2345 2373 2374 2346
2400 3 2 10 2 2346 2374 2375 2347
2401 3 2 10 2 2347 2375 2376 2348
2402 3 2 10 2 2348 2376 2377 2349
2403 3 2 10 2 2349 2377 2378 2350
2404 3 2 10 2 2350 2378 2379 2351
2405 3 2 10 2 2351 2379 2380 2352
2406 3 2 10 2 2352 2380 2381 2353
2407 3 2 10 2 2353 2381 2382 2354
2408 3 2 10 2 2354 2382 2383 2355
2409 3 2 10 2 2355 2383 2384 2356
2410 3 2 10 2 2356 2384 2385 2357
2411 3 2 10 2 2357 2385 2386 2358
2412 3 2 10 2 2358 2386 2387 2359
2413 3 2 10 2 2359 2387 2388 2360
2414 3 2 10 2 2360 2388 2389 2361
2415 3 2 10 2 2361 2389 2390 2362
2416 3 2 10 2 2362 2390 2391 2363
2417 3 2 10 2 2363 2391 2392 2364
2418 3 2 10 2 2364 2392 200 201
2419 3 2 10 2 165 166 2393 2365
2420 3 2 10 2 2365 2393 2394 2366
2421 3 2 10 2 2366 2394 2395 2367
2422 3 2 10 2 2367 2395 2396 2368
2423 3 2 10 2 2368 2396 2397 2369
2424 3 2 10 2 2369 2397 2398 2370
2425 3 2 10 2 2370 2398 2399 2371
2426 3 2 10 2 2371 2399 2400 2372
2427 3 2 10 2 2372 2400 2401 2373
2428 3 2 10 2 2373 2401 2402 2374
2429 3 2 10 2 2374 2402 2403 2375
2430 3 2 10 2 2375 2403 2404 2376
2431 3 2 10 2 2376 2404 2405 2377
2432 3 2 10 2 2377 2405 2406 2378
2433 3 2 10 2 2378 2406 2407 2379
2434 3 2 10 2 2379 2407 2408 2380
2435 3 2 10 2 2380 2408 2409 2381
2436 3 2 10 2 2381 2409 2410 2382
2437 3 2 10 2 2382 2410 2411 2383
2438 3 2 10 2 2383 2411 2412 2384
2439 3 2 10 2 2384 2412 2413 2385
2440 3 2 10 2 2385 2413 2414 2386
2441 3 2 10 2 2386 2414 2415 2387
2442 3 2 10 2 2387 2415 2416 2388
2443 3 2 10 2 2388 2416 2417 2389
2444 3 2 10 2 2389 2417 2418 2390
2445 3 2 10 2 2390 2418 2419 2391
2446 3 2 10 2 2391 2419 2420 2392
2447 3 2 10 2 2392 2420 199 200
2448 3 2 10 2 166 167 2421 2393
2449 3 2 10 2 2393 2421 2422 2394
2450 3 2 10 2 2394 2422 2423 2395
2451 3 2 10 2 2395 2423 2424 2396
2452 3 2 10 2 2396 2424 2425 2397
2453 3 2 10 2 2397 2425 2426 2398
2454 3 2 10 2 2398 2426 2427 2399
2455 3 2 10 2 2399 2427 2428 2400
2456 3 2 10 2 2400 2428 2429 2401
2457 3 2 10 2 2401 2429 2430 2402
2458 3 2 10 2 2402 2430 2431 2403
2459 3 2 10 2 2403 2431 2432 2404
2460 3 2 10 2 2404 2432 2433 2405
2461 3 2 10 2 2405 2433 2434 2406
2462 3 2 10 2 2406 2434 2435 2407
2463 3 2 10 2 2407 2435 2436 2408
2464 3 2 10 2 2408 2436 2437 2409
2465 3 2 10 2 2409 2437 2438 2410
2466 3 2 10 2 2410 2438 2439 2411
2467 3 2 10 2 2411 2439 2440 2412
2468 3 2 10 2 2412 2440 2441 2413
2469 3 2 10 2 2413 2441 2442 2414
2470 3 2 10 2 2414 2442 2443 2415
2471 3 2 10 2 2415 2443 2444 2416
2472 3 2 10 2 2416 2444 2445 2417
2473 3 2 10 2 2417 2445 2446 2418
2474 3 2 10 2 2418 2446 2447 2419
2475 3 2 10 2 2419 2447 2448 2420
2476 3 2 10 2 2420 2448 198 199
2477 3 2 10 2 167 168 2449 2421
2478 3 2 10 2 2421 2449 2450 2422
2479 3 2 10 2 2422 2450 2451 2423
2480 3 2 10 2 2423 2451 2452 2424
2481 3 2 10 2 2424 2452 2453 2425
2482 3 2 10 2 2425 2453 2454 2426
2483 3 2 10 2 2426 2454 2455 2427
2484 3 2 10 2 2427 2455 2456 2428
2485 3 2 10 2 2428 2456 2457 2429
2486 3 2 10 2 2429 2457 2458 2430
2487 3 2 10 2 2430 2458 2459 2431
2488 3 2 10 2 2431 2459 2460 2432
2489 3 2 10 2 2432 2460 2461 2433
2490 3 2 10 2 2433 2461 2462 2434
2491 3 2 10 2 2434 2462 2463 2435
2492 3 2 10 2 2435 2463 2464 2436
2493 3 2 10 2 2436 2464 2465 2437
2494 3 2 10 2 2437 2465 2466 2438
2495 3 2 10 2 2438 2466 2467 2439
2496 3 2 10 2 2439 2467 2468 2440
2497 3 2 10 2 2440 2468 2469 2441
2498 3 2 10 2 2441 2469 2470 2442
2499 3 2 10 2 2442 2470 2471 2443
2500 3 2 10 2 2443 2471 2472 2444
2501 3 2 10 2 2444 2472 2473 2445
2502 3 2 10 2 2445 2473 2474 2446
2503 3 2 10 2 2446 2474 2475 2447
2504 3 2 10 2 2447 2475 2476 2448
2505 3 2 10 2 2448 2476 197 198
2506 3 2 10 2 168 6 169 2449
2507 3 2 10 2 2449 169 170 2450
2508 3 2 10 2 2450 170 171 2451
2509 3 2 10 2 2451 171 172 2452
2510 3 2 10 2 2452 172 173 2453
2511 3 2 10 2 2453 173 174 2454
2512 3 2 10 2 2454 174 175 2455
2513 3 2 10 2 2455 175 176 2456
2514 3 2 10 2 2456 176 177 2457
2515 3 2 10 2 2457 177 178 2458
2516 3 2 10 2 2458 178 179 2459
2517 3 2 10 2 2459 179 180 2460
2518 3 2 10 2 2460 180 181 2461
2519 3 2 10 2 2461 181 182 2462
2520 3 2 10 2 2462 182 183 2463
2521 3 2 10 2 2463 183 184 2464
2522 3 2 10 2 2464 184 185 2465
2523 3 2 10 2 2465 185 186 2466
2524 3 2 10 2 2466 186 187 2467
2525 3 2 10 2 2467 187 188 2468
2526 3 2 10 2 2468 188 189 2469
2527 3 2 10 2 2469 189 190 2470
2528 3 2 10 2 2470 190 191 2471
2529 3 2 10 2 2471 191 192 2472
2530 3 2 10 2 2472 192 193 2473
2531 3 2 10 2 2473 193 194 2474
2532 3 2 10 2 2474 194 195 2475
2533 3 2 10 2 2475 195 196 2476
2534 3 2 10 2 2476 196 7 197
2535 3 2 10 3 7 273 2477 197
2536 3 2 10 3 273 274 2478 2477
2537 3 2 10 3 274 275 2479 2478
2538 3 2 10 3 275 276 2480 2479
2539 3 2 10 3 276 277 2481 2480
2540 3 2 10 3 277 278 2482 2481
2541 3 2 10 3 278 279 2483 2482
2542 3 2 10 3 279 280 2484 2483
2543 3 2 10 3 280 281 2485 2484
2544 3 2 10 3 281 282 2486 2485
2545 3 2 10 3 282 283 2487 2486
2546 3 2 10 3 283 284 2488 2487
2547 3 2 10 3 284 285 2489 2488
2548 3 2 10 3 285 286 2490 2489
2549 3 2 10 3 286 287 2491 2490
2550 3 2 10 3 287 288 2492 2491
2551 3 2 10 3 288 289 2493 2492
2552 3 2 10 3 289 290 2494 2493
2553 3 2 10 3 290 291 2495 2494
2554 3 2 10 3 291 292 2496 2495
2555 3 2 10 3 292 293 2497 2496
2556 3 2 10 3 293 294 2498 2497
2557 3 2 10 3 294 295 2499 2498
2558 3 2 10 3 295 296 2500 2499
2559 3 2 10 3 296 297 2501 2500
2560 3 2 10 3 297 298 2502 2501
2561 3 2 10 3 298 299 2503 2502
2562 3 2 10 3 299 300 2504 2503
2563 3 2 10 3 300 8 301 2504
2564 3 2 10 3 197 2477 2505 198
2565 3 2 10 3 2477 2478 2506 2505
2566 3 2 10 3 2478 2479 2507 2506
2567 3 2 10 3 2479 2480 2508 2507
2568 3 2 10 3 2480 2481 2509 2508
2569 3 2 10 3 2481 2482 2510 2509
2570 3 2 10 3 2482 2483 2511 2510
2571 3 2 10 3 2483 2484 2512 2511
2572 3 2 10 3 2484 2485 2513 2512
2573 3 2 10 3 2485 2486 2514 2513
2574 3 2 10 3 2486 2487 2515 2514
2575 3 2 10 3 2487 2488 2516 2515
2576 3 2 10 3 2488 2489 2517 2516
2577 3 2 10 3 2489 2490 2518 2517
2578 3 2 10 3 2490 2491 2519 2518
2579 3 2 10 3 2491 2492 2520 2519
2580 3 2 10 3 2492 2493 2521 2520
2581 3 2 10 3 2493 2494 2522 2521
2582 3 2 10 3 2494 2495 2523 2522
2583 3 2 10 3 2495 2496 2524 2523
2584 3 2 10 3 2496 2497 2525 2524
2585 3 2 10 3 2497 2498 2526 2525
2586 3 2 10 3 2498 2499 2527 2526
2587 3 2 10 3 2499 2500 2528 2527
2588 3 2 10 3 2500 2501 2529 2528
2589 3 2 10 3 2501 2502 2530 2529
2590 3 2 10 3 2502 2503 2531 2530
2591 3 2 10 3 2503 2504 2532 2531
2592 3 2 10 3 2504 301 302 2532
2593 3 2 10 3 198 2505 2533 199
2594 3 2 10 3 2505 2506 2534 2533
2595 3 2 10 3 2506 2507 2535 2534
2596 3 2 10 3 2507 2508 2536 2535
2597 3 2 10 3 2508 2509 2537 2536
2598 3 2 10 3 2509 2510 2538 2537
2599 3 2 10 3 2510 2511 2539 2538
2600 3 2 10 3 2511 2512 2540 2539
2601 3 2 10 3 2512 2513 2541 2540
2602 3 2 10 3 2513 2514 2542 2541
2603 3 2 10 3 2514 2515 2543 2542
2604 3 2 10 3 2515 2516 2544 2543
2605 3 2 10 3 2516 2517 2545 2544
2606 3 2 10 3 2517 2518 2546 2545
2607 3 2 10 3 2518 2519 2547 2546
2608 3 2 10 3 2519 2520 2548 2547
2609 3 2 10 3 2520 2521 2549 2548
2610 3 2 10 3 2521 2522 2550 2549
2611 3 2 10 3 2522 2523 2551 2550
2612 3 2 10 3 2523 2524 2552 2551
2613 3 2 10 3 2524 2525 2553 2552
2614 3 2 10 3 2525 2526 2554 2553
2615 3 2 10 3 2526 2527 2555 2554
2616 3 2 10 3 2527 2528 2556 2555
2617 3 2 10 3 2528 2529 2557 2556
2618 3 2 10 3 2529 2530 2558 2557
2619 3 2 10 3 2530 2531 2559 2558
2620 3 2 10 3 2531 2532 2560 2559
2621 3 2 10 3 2532 302 303 2560
2622 3 2 10 3 199 2533 2561 200
2623 3 2 10 3 2533 2534 2562 2561
2624 3 2 10 3 2534 2535 2563 2562
2625 3 2 10 3 2535 2536 2564 2563
2626 3 2 10 3 2536 2537 2565 2564
2627 3 2 10 3 2537 2538 2566 2565
2628 3 2 10 3 2538 2539 2567 2566
2629 3 2 10 3 2539 2540 2568 2567
2630 3 2 10 3 2540 2541 2569 2568
2631 3 2 10 3 2541 2542 2570 2569
2632 3 2 10 3 2542 2543 2571 2570
2633 3 2 10 3 2543 2544 2572 2571
2634 3 2 10 3 2544 2545 2573 2572
2635 3 2 10 3 2545 2546 2574 2573
2636 3 2 10 3 2546 2547 2575 2574
2637 3 2 10 3 2547 2548 2576 2575
2638 3 2 10 3 2548 2549 2577 2576
2639 3 2 10 3 2549 2550 2578 2577
2640 3 2 10 3 2550 2551 2579 2578
2641 3 2 10 3 2551 2552 2580 2579
2642 3 2 10 3 2552 2553 2581 2580
2643 3 2 10 3 2553 2554 2582 2581
2644 3 2 10 3 2554 2555 2583 2582
2645 3 2 10 3 2555 2556 2584 2583
2646 3 2 10 3 2556 2557 2585 2584
2647 3 2 10 3 2557 2558 2586 2585
2648 3 2 10 3 2558 2559 2587 2586
2649 3 2 10 3 2559 2560 2588 2587
2650 3 2 10 3 2560 303 304 2588
2651 3 2 10 3 200 2561 2589 201
2652 3 2 10 3 2561 2562 2590 2589
2653 3 2 10 3 2562 2563 2591 2590
2654 3 2 10 3 2563 2564 2592 2591
2655 3 2 10 3 2564 2565 2593 2592
2656 3 2 10 3 2565 2566 2594 2593
2657 3 2 10 3 2566 2567 2595 2594
2658 3 2 10 3 2567 2568 2596 2595
2659 3 2 10 3 2568 2569 2597 2596
2660 3 2 10 3 2569 2570 2598 2597
2661 3 2 10 3 2570 2571 2599 2598
2662 3 2 10 3 2571 2572 2600 2599
2663 3 2 10 3 2572 2573 2601 2600
2664 3 2 10 3 2573 2574 2602 2601
2665 3 2 10 3 2574 2575 2603 2602
2666 3 2 10 3 2575 2576 2604 2603
2667 3 2 10 3 2576 2577 2605 2604
2668 3 2 10 3 2577 2578 2606 2605
2669 3 2 10 3 2578 2579 2607 2606
2670 3 2 10 3 2579 2580 2608 2607
2671 3 2 10 3 2580 2581 2609 2608
2672 3 2 10 3 2581 2582 2610 2609
2673 3 2 10 3 2582 2583 2611 2610
2674 3 2 10 3 2583 2584 2612 2611
2675 3 2 10 3 2584 2585 2613 2612
2676 3 2 10 3 2585 2586 2614 2613
2677 3 2 10 3 2586 2587 2615 2614
2678 3 2 10 3 2587 2588 2616 2615
2679 3 2 10 3 2588 304 305 2616
2680 3 2 10 3 201 2589 2617 202
2681 3 2 10 3 2589 2590 2618 2617
2682 3 2 10 3 2590 2591 2619 2618
2683 3 2 10 3 2591 2592 2620 2619
2684 3 2 10 3 2592 2593 2621 2620
2685 3 2 10 3 2593 2594 2622 2621
2686 3 2 10 3 2594 2595 2623 2622
2687 3 2 10 3 2595 2596 2624 2623
2688 3 2 10 3 2596 2597 2625 2624
2689 3 2 10 3 2597 2598 2626 2625
2690 3 2 10 3 2598 2599 2627 2626
2691 3 2 10 3 2599 2600 2628 2627
2692 3 2 10 3 2600 2601 2629 2628
2693 3 2 10 3 2601 2602 2630 2629
2694 3 2 10 3 2602 2603 2631 2630
2695 3 2 10 3 2603 2604 2632 2631
2696 3 2 10 3 2604 2605 2633 2632
2697 3 2 10 3 2605 2606 2634 2633
2698 3 2 10 3 2606 2607 2635 2634
2699 3 2 10 3 2607 2608 2636 2635
2700 3 2 10 3 2608 2609 2637 2636
2701 3 2 10 3 2609 2610 2638 2637
2702 3 2 10 3 2610 2611 2639 2638
2703 3 2 10 3 2611 2612 2640 2639
2704 3 2 10 3 2612 2613 2641 2640
2705 3 2 10 3 2613 2614 2642 2641
2706 3 2 10 3 2614 2615 2643 2642
2707 3 2 10 3 2615 2616 2644 2643
2708 3 2 10 3 2616 305 306 2644
2709 3 2 10 3 202 2617 2645 203
2710 3 2 10 3 2617 2618 2646 2645
2711 3 2 10 3 2618 2619 2647 2646
2712 3 2 10 3 2619 2620 2648 2647
2713 3 2 10 3 2620 2621 2649 2648
2714 3 2 10 3 2621 2622 2650 2649
2715 3 2 10 3 2622 2623 2651 2650
2716 3 2 10 3 2623 2624 2652 2651
2717 3 2 10 3 2624 2625 2653 2652
2718 3 2 10 3 2625 2626 2654 2653
2719 3 2 10 3 2626 2627 2655 2654
2720 3 2 10 3 2627 2628 2656 2655
2721 3 2 10 3 2628 2629 2657 2656
2722 3 2 10 3 2629 2630 2658 2657
2723 3 2 10 3 2630 2631 2659 2658
2724 3 2 10 3 2631 2632 2660 2659
2725 3 2 10 3 2632 2633 2661 2660
2726 3 2 10 3 2633 2634 2662 2661
2727 3 2 10 3 2634 2635 2663 2662
2728 3 2 10 3 2635 2636 2664 2663
2729 3 2 10 3 2636 2637 2665 2664
2730 3 2 10 3 2637 2638 2666 2665
2731 3 2 10 3 2638 2639 2667 2666
2732 3 2 10 3 2639 2640 2668 2667
2733 3 2 10 3 2640 2641 2669 2668
2734 3 2 10 3 2641 2642 2670 2669
2735 3 2 10 3 2642 2643 2671 2670
2736 3 2 10 3 2643 2644 2672 2671
2737 3 2 10 3 2644 306 307 2672
2738 3 2 10 3 203 2645 2673 204
2739 3 2 10 3 2645 2646 2674 2673
2740 3 2 10 3 2646 2647 2675 2674
2741 3 2 10 3 2647 2648 2676 2675
2742 3 2 10 3 2648 2649 2677 2676
2743 3 2 10 3 2649 2650 2678 2677
2744 3 2 10 3 2650 2651 2679 2678
2745 3 2 10 3 2651 2652 2680 2679
2746 3 2 10 3 2652 2653 2681 2680
2747 3 2 10 3 2653 2654 2682 2681
2748 3 2 10 3 2654 2655 2683 2682
2749 3 2 10 3 2655 2656 2684 2683
2750 3 2 10 3 2656 2657 2685 2684
2751 3 2 10 3 2657 2658 2686 2685
2752 3 2 10 3 2658 2659 2687 2686
2753 3 2 10 3 2659 2660 2688 2687
2754 3 2 10 3 2660 2661 2689 2688
2755 3 2 10 3 2661 2662 2690 2689
2756 3 2 10 3 2662 2663 2691 2690
2757 3 2 10 3 2663 2664 2692 2691
2758 3 2 10 3 2664 2665 2693 2692
2759 3 2 10 3 2665 2666 2694 2693
2760 3 2 10 3 2666 2667 2695 2694
2761 3 2 10 3 2667 2668 2696 2695
2762 3 2 10 3 2668 2669 2697 2696
2763 3 2 10 3 2669 2670 2698 2697
2764 3 2 10 3 2670 2671 2699 2698
2765 3 2 10 3 2671 2672 2700 2699
2766 3 2 10 3 2672 307 308 2700
2767 3 2 10 3 204 2673 2701 205
2768 3 2 10 3 2673 2674 2702 2701
2769 3 2 10 3 2674 2675 2703 2702
2770 3 2 10 3 2675 2676 2704 2703
2771 3 2 10 3 2676 2677 2705 2704
2772 3 2 10 3 2677 2678 2706 2705
2773 3 2 10 3 2678 2679 2707 2706
2774 3 2 10 3 2679 2680 2708 2707
2775 3 2 10 3 2680 2681 2709 2708
2776 3 2 10 3 2681 2682 2710 2709
2777 3 2 10 3 2682 2683 2711 2710
2778 3 2 10 3 2683 2684 2712 2711
2779 3 2 10 3 2684 2685 2713 2712
2780 3 2 10 3 2685 2686 2714 2713
2781 3 2 10 3 2686 2687 2715 2714
2782 3 2 10 3 2687 2688 2716 2715
2783 3 2 10 3 2688 2689 2717 2716
2784 3 2 10 3 2689 2690 2718 2717
2785 3 2 10 3 2690 2691 2719 2718
2786 3 2 10 3 2691 2692 2720 2719
2787 3 2 10 3 2692 2693 2721 2720
2788 3 2 10 3 2693 2694 2722 2721
2789 3 2 10 3 2694 2695 2723 2722
2790 3 2 10 3 2695 2696 2724 2723
2791 3 2 10 3 2696 2697 2725 2724
2792 3 2 10 3 2697 2698 2726 2725
2793 3 2 10 3 2698 2699 2727 2726
2794 3 2 10 3 2699 2700 2728 2727
2795 3 2 10 3 2700 308 309 2728
2796 3 2 10 3 205 2701 2729 206
2797 3 2 10 3 2701 2702 2730 2729
2798 3 2 10 3 2702 2703 2731 2730
2799 3 2 10 3 2703 2704 2732 2731
2800 3 2 10 3 2704 2705 2733 2732
2801 3 2 10 3 2705 2706 2734 2733
2802 3 2 10 3 2706 2707 2735 2734
2803 3 2 10 3 2707 2708 2736 2735
2804 3 2 10 3 2708 2709 2737 2736
2805 3 2 10 3 2709 2710 2738 2737
2806 3 2 10 3 2710 2711 2739 2738
2807 3 2 10 3 2711 2712 2740 2739
2808 3 2 10 3 2712 2713 2741 2740
2809 3 2 10 3 2713 2714 2742 2741
2810 3 2 10 3 2714 2715 2743 2742
2811 3 2 10 3 2715 2716 2744 2743
2812 3 2 10 3 2716 2717 2745 2744
2813 3 2 10 3 2717 2718 2746 2745
2814 3 2 10 3 2718 2719 2747 2746
2815 3 2 10 3 2719 2720 2748 2747
2816 3 2 10 3 2720 2721 2749 2748
2817 3 2 10 3 2721 2722 2750 2749
2818 3 2 10 3 2722 2723 2751 2750
2819 3 2 10 3 2723 2724 2752 2751
2820 3 2 10 3 2724 2725 2753 2752
2821 3 2 10 3 2725 2726 2754 2753
2822 3 2 10 3 2726 2727 2755 2754
2823 3 2 10 3 2727 2728 2756 2755
2824 3 2 10 3 2728 309 310 2756
2825 3 2 10 3 206 2729 2757 207
2826 3 2 10 3 2729 2730 2758 2757
2827 3 2 10 3 2730 2731 2759 2758
2828 3 2 10 3 2731 2732 2760 2759
2829 3 2 10 3 2732 2733 2761 2760
2830 3 2 10 3 2733 2734 2762 2761
2831 3 2 10 3 2734 2735 2763 2762
2832 3 2 10 3 2735 2736 2764 2763
2833 3 2 10 3 2736 2737 2765 2764
2834 3 2 10 3 2737 2738 2766 2765
2835 3 2 10 3 2738 2739 2767 2766
2836 3 2 10 3 2739 2740 2768 2767
2837 3 2 10 3 2740 2741 2769 2768
2838 3 2 10 3 2741 2742 2770 2769
2839 3 2 10 3 2742 2743 2771 2770
2840 3 2 10 3 2743 2744 2772 2771
2841 3 2 10 3 2744 2745 2773 2772
2842 3 2 10 3 2745 2746 2774 2773
2843 3 2 10 3 2746 2747 2775 2774
2844 3 2 10 3 2747 2748 2776 2775
2845 3 2 10 3 2748 2749 2777 2776
2846 3 2 10 3 2749 2750 2778 2777
2847 3 2 10 3 2750 2751 2779 2778
2848 3 2 10 3 2751 2752 2780 2779
2849 3 2 10 3 2752 2753 2781 2780
2850 3 2 10 3 2753 2754 2782 2781
2851 3 2 10 3 2754 2755 2783 2782
2852 3 2 10 3 2755 2756 2784 2783
2853 3 2 10 3 2756 310 311 2784
2854 3 2 10 3 207 2757 2785 208
2855 3 2 10 3 2757 2758 2786 2785
2856 3 2 10 3 2758 2759 2787 2786
2857 3 2 10 3 2759 2760 2788 2787
2858 3 2 10 3 2760 2761 2789 2788
2859 3 2 10 3 2761 2762 2790 2789
2860 3 2 10 3 2762 2763 2791 2790
2861 3 2 10 3 2763 2764 2792 2791
2862 3 2 10 3 2764 2765 2793 2792
2863 3 2 10 3 2765 2766 2794 2793
2864 3 2 10 3 2766 2767 2795 2794
2865 3 2 10 3 2767 2768 2796 2795
2866 3 2 10 3 2768 2769 2797 2796
2867 3 2 10 3 2769 2770 2798 2797
2868 3 2 10 3 2770 2771 2799 2798
2869 3 2 10 3 2771 2772 2800 2799
2870 3 2 10 3 2772 2773 2801 2800
2871 3 2 10 3 2773 2774 2802 2801
2872 3 2 10 3 2774 2775 2803 2802
2873 3 2 10 3 2775 2776 2804 2803
2874 3 2 10 3 2776 2777 2805 2804
2875 3 2 10 3 2777 2778 2806 2805
2876 3 2 10 3 2778 2779 2807 2806
2877 3 2 10 3 2779 2780 2808 2807
2878 3 2 10 3 2780 2781 2809 2808
2879 3 2 10 3 2781 2782 2810 2809
2880 3 2 10 3 2782 2783 2811 2810
2881 3 2 10 3 2783 2784 2812 2811
2882 3 2 10 3 2784 311 312 2812
2883 3 2 10 3 208 2785 2813 209
2884 3 2 10 3 2785 2786 2814 2813
2885 3 2 10 3 2786 2787 2815 2814
2886 3 2 10 3 2787 2788 2816 2815
2887 3 2 10 3 2788 2789 2817 2816
2888 3 2 10 3 2789 2790 2818 2817
2889 3 2 10 3 2790 2791 2819 2818
2890 3 2 10 3 2791 2792 2820 2819
2891 3 2 10 3 2792 2793 2821 2820
2892 3 2 10 3 2793 2794 2822 2821
2893 3 2 10 3 2794 2795 2823 2822
2894 3 2 10 3 2795 2796 2824 2823
2895 3 2 10 3 2796 2797 2825 2824
2896 3 2 10 3 2797 2798 2826 2825
2897 3 2 10 3 2798 2799 2827 2826
2898 3 2 10 3 2799 2800 2828 2827
2899 3 2 10 3 2800 2801 2829 2828
2900 3 2 10 3 2801 2802 2830 2829
2901 3 2 10 3 2802 2803 2831 2830
2902 3 2 10 3 2803 2804 2832 2831
2903 3 2 10 3 2804 2805 2833 2832
2904 3 2 10 3 2805 2806 2834 2833
2905 3 2 10 3 2806 2807 2835 2834
2906 3 2 10 3 2807 2808 2836 2835
2907 3 2 10 3 2808 2809 2837 2836
2908 3 2 10 3 2809 2810 2838 2837
2909 3 2 10 3 2810 2811 2839 2838
2910 3 2 10 3 2811 2812 2840 2839
2911 3 2 10 3 2812 312 313 2840
2912 3 2 10 3 209 2813 2841 210
2913 3 2 10 3 2813 2814 2842 2841
2914 3 2 10 3 2814 2815 2843 2842
2915 3 2 10 3 2815 2816 2844 2843
2916 3 2 10 3 2816 2817 2845 2844
2917 3 2 10 3 2817 2818 2846 2845
2918 3 2 10 3 2818 2819 2847 2846
2919 3 2 10 3 2819 2820 2848 2847
2920 3 2 10 3 2820 2821 2849 2848
2921 3 2 10 3 2821 2822 2850 2849
2922 3 2 10 3 2822 2823 2851 2850
2923 3 2 10 3 2823 2824 2852 2851
2924 3 2 10 3 2824 2825 2853 2852
2925 3 2 10 3 2825 2826 2854 2853
2926 3 2 10 3 2826 2827 2855 2854
2927 3 2 10 3 2827 2828 2856 2855
2928 3 2 10 3 2828 2829 2857 2856
2929 3 2 10 3 2829 2830 2858 2857
2930 3 2 10 3 2830 2831 2859 2858
2931 3 2 10 3 2831 2832 2860 2859
2932 3 2 10 3 2832 2833 2861 2860
2933 3 2 10 3 2833 2834 2862 2861
2934 3 2 10 3 2834 2835 2863 2862
2935 3 2 10 3 2835 2836 2864 2863
2936 3 2 10 3 2836 2837 2865 2864
2937 3 2 10 3 2837 2838 2866 2865
2938 3 2 10 3 2838 2839 2867 2866
2939 3 2 10 3 2839 2840 2868 2867
2940 3 2 10 3 2840 313 314 2868
2941 3 2 10 3 210 2841 2869 211
2942 3 2 10 3 2841 2842 2870 2869
2943 3 2 10 3 2842 2843 2871 2870
2944 3 2 10 3 2843 2844 2872 2871
2945 3 2 10 3 2844 2845 2873 2872
2946 3 2 10 3 2845 2846 2874 2873
2947 3 2 10 3 2846 2847 2875 2874
2948 3 2 10 3 2847 2848 2876 2875
2949 3 2 10 3 2848 2849 2877 2876
2950 3 2 10 3 2849 2850 2878 2877
2951 3 2 10 3 2850 2851 2879 2878
2952 3 2 10 3 2851 2852 2880 2879
2953 3 2 10 3 2852 2853 2881 2880
2954 3 2 10 3 2853 2854 2882 2881
2955 3 2 10 3 2854 2855 2883 2882
2956 3 2 10 3 2855 2856 2884 2883
2957 3 2 10 3 2856 2857 2885 2884
2958 3 2 10 3 2857 2858 2886 2885
2959 3 2 10 3 2858 2859 2887 2886
2960 3 2 10 3 2859 2860 2888 2887
2961 3 2 10 3 2860 2861 2889 2888
2962 3 2 10 3 2861 2862 2890 2889
2963 3 2 10 3 2862 2863 2891 2890
2964 3 2 10 3 2863 2864 2892 2891
2965 3 2 10 3 2864 2865 2893 2892
2966 3 2 10 3 2865 2866 2894 2893
2967 3 2 10 3 2866 2867 2895 2894
2968 3 2 10 3 2867 2868 2896 2895
2969 3 2 10 3 2868 314 315 2896
2970 3 2 10 3 211 2869 2897 212
2971 3 2 10 3 2869 2870 2898 2897
2972 3 2 10 3 2870 2871 2899 2898
2973 3 2 10 3 2871 2872 2900 2899
2974 3 2 10 3 2872 2873 2901 2900
2975 3 2 10 3 2873 2874 2902 2901
2976 3 2 10 3 2874 2875 2903 2902
2977 3 2 10 3 2875 2876 2904 2903
2978 3 2 10 3 2876 2877 2905 2904
2979 3 2 10 3 2877 2878 2906 2905
2980 3 2 10 3 2878 2879 2907 2906
2981 3 2 10 3 2879 2880 2908 2907
2982 3 2 10 3 2880 2881 2909 2908
2983 3 2 10 3 2881 2882 2910 2909
2984 3 2 10 3 2882 2883 2911 2910
2985 3 2 10 3 2883 2884 2912 2911
2986 3 2 10 3 2884 2885 2913 2912
2987 3 2 10 3 2885 2886 2914 2913
2988 3 2 10 3 2886 2887 2915 2914
2989 3 2 10 3 2887 2888 2916 2915
2990 3 2 10 3 2888 2889 2917 2916
2991 3 2 10 3 2889 2890 2918 2917
2992 3 2 10 3 2890 2891 2919 2918
2993 3 2 10 3 2891 2892 2920 2919
2994 3 2 10 3 2892 2893 2921 2920
2995 3 2 10 3 2893 2894 2922 2921
2996 3 2 10 3 2894 2895 2923 2922
2997 3 2 10 3 2895 2896 2924 2923
2998 3 2 10 3 2896 315 316 2924
2999 3 2 10 3 212 2897 2925 213
3000 3 2 10 3 2897 2898 2926 2925
3001 3 2 10 3 2898 2899 2927 2926
3002 3 2 10 3 2899 2900 2928 2927
3003 3 2 10 3 2900 2901 2929 2928
3004 3 2 10 3 2901 2902 2930 2929
3005 3 2 10 3 2902 2903 2931 2930
3006 3 2 10 3 2903 2904 2932 2931
3007 3 2 10 3 2904 2905 2933 2932
3008 3 2 10 3 2905 2906 2934 2933
3009 3 2 10 3 2906 2907 2935 2934
3010 3 2 10 3 2907 2908 2936 2935
3011 3 2 10 3 2908 2909 2937 2936
3012 3 2 10 3 2909 2910 2938 2937
3013 3 2 10 3 2910 2911 2939 2938
3014 3 2 10 3 2911 2912 2940 2939
3015 3 2 10 3 2912 2913 2941 2940
3016 3 2 10 3 2913 2914 2942 2941
3017 3 2 10 3 2914 2915 2943 2942
3018 3 2 10 3 2915 2916 2944 2943
3019 3 2 10 3 2916 2917 2945 2944
3020 3 2 10 3 2917 2918 2946 2945
3021 3 2 10 3 2918 2919 2947 2946
3022 3 2 10 3 2919 2920 2948 2947
3023 3 2 10 3 2920 2921 2949 2948
3024 3 2 10 3 2921 2922 2950 2949
3025 3 2 10 3 2922 2923 2951 2950
3026 3 2 10 3 2923 2924 2952 2951
3027 3 2 10 3 2924 316 317 2952
3028 3 2 10 3 213 2925 2953 214
3029 3 2 10 3 2925 2926 2954 2953
3030 3 2 10 3 2926 2927 2955 2954
3031 3 2 10 3 2927 2928 2956 2955
3032 3 2 10 3 2928 2929 2957 2956
3033 3 2 10 3 2929 2930 2958 2957
3034 3 2 10 3 2930 2931 2959 2958
3035 3 2 10 3 2931 2932 2960 2959
3036 3 2 10 3 2932 2933 2961 2960
3037 3 2 10 3 2933 2934 2962 2961
3038 3 2 10 3 2934 2935 2963 2962
3039 3 2 10 3 2935 2936 2964 2963
3040 3 2 10 3 2936 2937 2965 2964
3041 3 2 10 3 2937 2938 2966 2965
3042 3 2 10 3 2938 2939 2967 2966
3043 3 2 10 3 2939 2940 2968 2967
3044 3 2 10 3 2940 2941 2969 2968
3045 3 2 10 3 2941 2942 2970 2969
3046 3 2 10 3 2942 2943 2971 2970
3047 3 2 10 3 2943 2944 2972 2971
3048 3 2 10 3 2944 2945 2973 2972
3049 3 2 10 3 2945 2946 2974 2973
3050 3 2 10 3 2946 2947 2975 2974
3051 3 2 10 3 2947 2948 2976 2975
3052 3 2 10 3 2948 2949 2977 2976
3053 3 2 10 3 2949 2950 2978 2977
3054 3 2 10 3 2950 2951 2979 2978
3055 3 2 10 3 2951 2952 2980 2979
3056 3 2 10 3 2952 317 318 2980
3057 3 2 10 3 214 2953 2981 215
3058 3 2 10 3 2953 2954 2982 2981
3059 3 2 10 3 2954 2955 2983 2982
3060 3 2 10 3 2955 2956 2984 2983
3061 3 2 10 3 2956 2957 2985 2984
3062 3 2 10 3 2957 2958 2986 2985
3063 3 2 10 3 2958 2959 2987 2986
3064 3 2 10 3 2959 2960 2988 2987
3065 3 2 10 3 2960 2961 2989 2988
3066 3 2 10 3 2961 2962 2990 2989
3067 3 2 10 3 2962 2963 2991 2990
3068 3 2 10 3 2963 2964 2992 2991
3069 3 2 10 3 2964 2965 2993 2992
3070 3 2 10 3 2965 2966 2994 2993
3071 3 2 10 3 2966 2967 2995 2994
3072 3 2 10 3 2967 2968 2996 2995
3073 3 2 10 3 2968 2969 2997 2996
3074 3 2 10 3 2969 2970 2998 2997
3075 3 2 10 3 2970 2971 2999 2998
3076 3 2 10 3 2971 2972 3000 2999
3077 3 2 10 3 2972 2973 3001 3000
3078 3 2 10 3 2973 2974 3002 3001
3079 3 2 10 3 2974 2975 3003 3002
3080 3 2 10 3 2975 2976 3004 3003
3081 3 2 10 3 2976 2977 3005 3004
3082 3 2 10 3 2977 2978 3006 3005
3083 3 2 10 3 2978 2979 3007 3006
3084 3 2 10 3 2979 2980 3008 3007
3085 3 2 10 3 2980 318 319 3008
3086 3 2 10 3 215 2981 3009 216
3087 3 2 10 3 2981 2982 3010 3009
3088 3 2 10 3 2982 2983 3011 3010
3089 3 2 10 3 2983 2984 3012 3011
3090 3 2 10 3 2984 2985 3013 3012
3091 3 2 10 3 2985 2986 3014 3013
3092 3 2 10 3 2986 2987 3015 3014
3093 3 2 10 3 2987 2988 3016 3015
3094 3 2 10 3 2988 2989 3017 3016
3095 3 2 10 3 2989 2990 3018 3017
3096 3 2 10 3 2990 2991 3019 3018
3097 3 2 10 3 2991 2992 3020 3019
3098 3 2 10 3 2992 2993 3021 3020
3099 3 2 10 3 2993 2994 3022 3021
3100 3 2 10 3 2994 2995 3023 3022
3101 3 2 10 3 2995 2996 3024 3023
3102 3 2 10 3 2996 2997 3025 3024
3103 3 2 10 3 2997 2998 3026 3025
3104 3 2 10 3 2998 2999 3027 3026
3105 3 2 10 3 2999 3000 3028 3027
3106 3 2 10 3 3000 3001 3029 3028
3107 3 2 10 3 3001 3002 3030 3029
3108 3 2 10 3 3002 3003 3031 3030
3109 3 2 10 3 3003 3004 3032 3031
3110 3 2 10 3 3004 3005 3033 3032
3111 3 2 10 3 3005 3006 3034 3033
3112 3 2 10 3 3006 3007 3035 3034
3113 3 2 10 3 3007 3008 3036 3035
3114 3 2 10 3 3008 319 320 3036
3115 3 2 10 3 216 3009 3037 217
3116 3 2 10 3 3009 3010 3038 3037
3117 3 2 10 3 3010 3011 3039 3038
3118 3 2 10 3 3011 3012 3040 3039
3119 3 2 10 3 3012 3013 3041 3040
3120 3 2 10 3 3013 3014 3042 3041
3121 3 2 10 3 3014 3015 3043 3042
3122 3 2 10 3 3015 3016 3044 3043
3123 3 2 10 3 3016 3017 3045 3044
3124 3 2 10 3 3017 3018 3046 3045
3125 3 2 10 3 3018 3019 3047 3046
3126 3 2 10 3 3019 3020 3048 3047
3127 3 2 10 3 3020 3021 3049 3048
3128 3 2 10 3 3021 3022 3050 3049
3129 3 2 10 3 3022 3023 3051 3050
3130 3 2 10 3 3023 3024 3052 3051
3131 3 2 10 3 3024 3025 3053 3052
3132 3 2 10 3 3025 3026 3054 3053
3133 3 2 10 3 3026 3027 3055 3054
3134 3 2 10 3 3027 3028 3056 3055
3135 3 2 10 3 3028 3029 3057 3056
3136 3 2 10 3 3029 3030 3058 3057
3137 3 2 10 3 3030 3031 3059 3058
3138 3 2 10 3 3031 3032 3060 3059
3139 3 2 10 3 3032 3033 3061 3060
3140 3 2 10 3 3033 3034 3062 3061
3141 3 2 10 3 3034 3035 3063 3062
3142 3 2 10 3 3035 3036 3064 3063
3143 3 2 10 3 3036 320 321 3064
3144 3 2 10 3 217 3037 3065 218
3145 3 2 10 3 3037 3038 3066 3065
3146 3 2 10 3 3038 3039 3067 3066
3147 3 2 10 3 3039 3040 3068 3067
3148 3 2 10 3 3040 3041 3069 3068
3149 3 2 10 3 3041 3042 3070 3069
3150 3 2 10 3 3042 3043 3071 3070
3151 3 2 10 3 3043 3044 3072 3071
3152 3 2 10 3 3044 3045 3073 3072
3153 3 2 10 3 3045 3046 3074 3073
3154 3 2 10 3 3046 3047 3075 3074
3155 3 2 10 3 3047 3048 3076 3075
3156 3 2 10 3 3048 3049 3077 3076
3157 3 2 10 3 3049 3050 3078 3077
3158 3 2 10 3 3050 3051 3079 3078
3159 3 2 10 3 3051 3052 3080 3079
3160 3 2 10 3 3052 3053 3081 3080
3161 3 2 10 3 3053 3054 3082 3081
3162 3 2 10 3 3054 3055 3083 3082
3163 3 2 10 3 3055 3056 3084 3083
3164 3 2 10 3 3056 3057 3085 3084
3165 3 2 10 3 3057 3058 3086 3085
3166 3 2 10 3 3058 3059 3087 3086
3167 3 2 10 3 3059 3060 3088 3087
3168 3 2 10 3 3060 3061 3089 3088
3169 3 2 10 3 3061 3062 3090 3089
3170 3 2 10 3 3062 3063 3091 3090
3171 3 2 10 3 3063 3064 3092 3091
3172 3 2 10 3 3064 321 322 3092
3173 3 2 10 3 218 3065 3093 219
3174 3 2 10 3 3065 3066 3094 3093
3175 3 2 10 3 3066 3067 3095 3094
3176 3 2 10 3 3067 3068 3096 3095
3177 3 2 10 3 3068 3069 3097 3096
3178 3 2 10 3 3069 3070 3098 3097
3179 3 2 10 3 3070 3071 3099 3098
3180 3 2 10 3 3071 3072 3100 3099
3181 3 2 10 3 3072 3073 3101 3100
3182 3 2 10 3 3073 3074 3102 3101
3183 3 2 10 3 3074 3075 3103 3102
3184 3 2 10 3 3075 3076 3104 3103
3185 3 2 10 3 3076 3077 3105 3104
3186 3 2 10 3 3077 3078 3106 3105
3187 3 2 10 3 3078 3079 3107 3106
3188 3 2 10 3 3079 3080 3108 3107
3189 3 2 10 3 3080 3081 3109 3108
3190 3 2 10 3 3081 3082 3110 3109
3191 3 2 10 3 3082 3083 3111 3110
3192 3 2 10 3 3083 3084 3112 3111
3193 3 2 10 3 3084 3085 3113 3112
3194 3 2 10 3 3085 3086 3114 3113
3195 3 2 10 3 3086 3087 3115 3114
3196 3 2 10 3 3087 3088 3116 3115
3197 3 2 10 3 3088 3089 3117 3116
3198 3 2 10 3 3089 3090 3118 3117
3199 3 2 10 3 3090 3091 3119 3118
3200 3 2 10 3 3091 3092 3120 3119
3201 3 2 10 3 3092 322 323 3120
3202 3 2 10 3 219 3093 3121 220
3203 3 2 10 3 3093 3094 3122 3121
3204 3 2 10 3 3094 3095 3123 3122
3205 3 2 10 3 3095 3096 3124 3123
3206 3 2 10 3 3096 3097 3125 3124
3207 3 2 10 3 3097 3098 3126 3125
3208 3 2 10 3 3098 3099 3127 3126
3209 3 2 10 3 3099 3100 3128 3127
3210 3 2 10 3 3100 3101 3129 3128
3211 3 2 10 3 3101 3102 3130 3129
3212 3 2 10 3 3102 3103 3131 3130
3213 3 2 10 3 3103 3104 3132 3131
3214 3 2 10 3 3104 3105 3133 3132
3215 3 2 10 3 3105 3106 3134 3133
3216 3 2 10 3 3106 3107 3135 3134
3217 3 2 10 3 3107 3108 3136 3135
3218 3 2 10 3 3108 3109 3137 3136
3219 3 2 10 3 3109 3110 3138 3137
3220 3 2 10 3 3110 3111 3139 3138
3221 3 2 10 3 3111 3112 3140 3139
3222 3 2 10 3 3112 3113 3141 3140
3223 3 2 10 3 3113 3114 3142 3141
3224 3 2 10 3 3114 3115 3143 3142
3225 3 2 10 3 3115 3116 3144 3143
3226 3 2 10 3 3116 3117 3145 3144
3227 3 2 10 3 3117 3118 3146 3145
3228 3 2 10 3 3118 3119 3147 3146
3229 3 2 10 3 3119 3120 3148 3147
3230 3 2 10 3 3120 323 324 3148
3231 3 2 10 3 220 3121 3149 221
3232 3 2 10 3 3121 3122 3150 3149
3233 3 2 10 3 3122 3123 3151 3150
3234 3 2 10 3 3123 3124 3152 3151
3235 3 2 10 3 3124 3125 3153 3152
3236 3 2 10 3 3125 3126 3154 3153
3237 3 2 10 3 3126 3127 3155 3154
3238 3 2 10 3 3127 3128 3156 3155
3239 3 2 10 3 3128 3129 3157 3156
3240 3 2 10 3 3129 3130 3158 3157
3241 3 2 10 3 3130 3131 3159 3158
3242 3 2 10 3 3131 3132 3160 3159
3243 3 2 10 3 3132 3133 3161 3160
3244 3 2 10 3 3133 3134 3162 3161
3245 3 2 10 3 3134 3135 3163 3162
3246 3 2 10 3 3135 3136 3164 3163
3247 3 2 10 3 3136 3137 3165 3164
3248 3 2 10 3 3137 3138 3166 3165
3249 3 2 10 3 3138 3139 3167 3166
3250 3 2 10 3 3139 3140 3168 3167
3251 3 2 10 3 3140 3141 3169 3168
3252 3 2 10 3 3141 3142 3170 3169
3253 3 2 10 3 3142 3143 3171 3170
3254 3 2 10 3 3143 3144 3172 3171
3255 3 2 10 3 3144 3145 3173 3172
3256 3 2 10 3 3145 3146 3174 3173
3257 3 2 10 3 3146 3147 3175 3174
3258 3 2 10 3 3147 3148 3176 3175
3259 3 2 10 3 3148 324 325 3176
3260 3 2 10 3 221 3149 3177 222
3261 3 2 10 3 3149 3150 3178 3177
3262 3 2 10 3 3150 3151 3179 3178
3263 3 2 10 3 3151 3152 3180 3179
3264 3 2 10 3 3152 3153 3181 3180
3265 3 2 10 3 3153 3154 3182 3181
3266 3 2 10 3 3154 3155 3183 3182
3267 3 2 10 3 3155 3156 3184 3183
3268 3 2 10 3 3156 3157 3185 3184
3269 3 2 10 3 3157 3158 3186 3185
3270 3 2 10 3 3158 3159 3187 3186
3271 3 2 10 3 3159 3160 3188 3187
3272 3 2 10 3 3160 3161 3189 3188
3273 3 2 10 3 3161 3162 3190 3189
3274 3 2 10 3 3162 3163 3191 3190
3275 3 2 10 3 3163 3164 3192 3191
3276 3 2 10 3 3164 3165 3193 3192
3277 3 2 10 3 3165 3166 3194 3193
3278 3 2 10 3 3166 3167 3195 3194
3279 3 2 10 3 3167 3168 3196 3195
3280 3 2 10 3 3168 3169 3197 3196
3281 3 2 10 3 3169 3170 3198 3197
3282 3 2 10 3 3170 3171 3199 3198
3283 3 2 10 3 3171 3172 3200 3199
3284 3 2 10 3 3172 3173 3201 3200
3285 3 2 10 3 3173 3174 3202 3201
3286 3 2 10 3 3174 3175 3203 3202
3287 3 2 10 3 3175 3176 3204 3203
3288 3 2 10 3 3176 325 326 3204
3289 3 2 10 3 222 3177 3205 223
3290 3 2 10 3 3177 3178 3206 3205
3291 3 2 10 3 3178 3179 3207 3206
3292 3 2 10 3 3179 3180 3208 3207
3293 3 2 10 3 3180 3181 3209 3208
3294 3 2 10 3 3181 3182 3210 3209
3295 3 2 10 3 3182 3183 3211 3210
3296 3 2 10 3 3183 3184 3212 3211
3297 3 2 10 3 3184 3185 3213 3212
3298 3 2 10 3 3185 3186 3214 3213
3299 3 2 10 3 3186 3187 3215 3214
3300 3 2 10 3 3187 3188 3216 3215
3301 3 2 10 3 3188 3189 3217 3216
3302 3 2 10 3 3189 3190 3218 3217
3303 3 2 10 3 3190 3191 3219 3218
3304 3 2 10 3 3191 3192 3220 3219
3305 3 2 10 3 3192 3193 3221 3220
3306 3 2 10 3 3193 3194 3222 3221
3307 3 2 10 3 3194 3195 3223 3222
3308 3 2 10 3 3195 3196 3224 3223
3309 3 2 10 3 3196 3197 3225 3224
3310 3 2 10 3 3197 3198 3226 3225
3311 3 2 10 3 3198 3199 3227 3226
3312 3 2 10 3 3199 3200 3228 3227
3313 3 2 10 3 3200 3201 3229 3228
3314 3 2 10 3 3201 3202 3230 3229
3315 3 2 10 3 3202 3203 3231 3230
3316 3 2 10 3 3203 3204 3232 3231
3317 3 2 10 3 3204 326 327 3232
3318 3 2 10 3 223 3205 3233 224
3319 3 2 10 3 3205 3206 3234 3233
3320 3 2 10 3 3206 3207 3235 3234
3321 3 2 10 3 3207 3208 3236 3235
3322 3 2 10 3 3208 3209 3237 3236
3323 3 2 10 3 3209 3210 3238 3237
3324 3 2 10 3 3210 3211 3239 3238
3325 3 2 10 3 3211 3212 3240 3239
3326 3 2 10 3 3212 3213 3241 3240
3327 3 2 10 3 3213 3214 3242 3241
3328 3 2 10 3 3214 3215 3243 3242
3329 3 2 10 3 3215 3216 3244 3243
3330 3 2 10 3 3216 3217 3245 3244
3331 3 2 10 3 3217 3218 3246 3245
3332 3 2 10 3 3218 3219 3247 3246
3333 3 2 10 3 3219 3220 3248 3247
3334 3 2 10 3 3220 3221 3249 3248
3335 3 2 10 3 3221 3222 3250 3249
3336 3 2 10 3 3222 3223 3251 3250
3337 3 2 10 3 3223 3224 3252 3251
3338 3 2 10 3 3224 3225 3253 3252
3339 3 2 10 3 3225 3226 3254 3253
3340 3 2 10 3 3226 3227 3255 3254
3341 3 2 10 3 3227 3228 3256 3255
3342 3 2 10 3 3228 3229 3257 3256
3343 3 2 10 3 3229 3230 3258 3257
3344 3 2 10 3 3230 3231 3259 3258
3345 3 2 10 3 3231 3232 3260 3259
3346 3 2 10 3 3232 327 328 3260
3347 3 2 10 3 224 3233 3261 225
3348 3 2 10 3 3233 3234 3262 3261
3349 3 2 10 3 3234 3235 3263 3262
3350 3 2 10 3 3235 3236 3264 3263
3351 3 2 10 3 3236 3237 3265 3264
3352 3 2 10 3 3237 3238 3266 3265
3353 3 2 10 3 3238 3239 3267 3266
3354 3 2 10 3 3239 3240 3268 3267
3355 3 2 10 3 3240 3241 3269 3268
3356 3 2 10 3 3241 3242 3270 3269
3357 3 2 10 3 3242 3243 3271 3270
3358 3 2 10 3 3243 3244 3272 3271
3359 3 2 10 3 3244 3245 3273 3272
3360 3 2 10 3 3245 3246 3274 3273
3361 3 2 10 3 3246 3247 3275 3274
3362 3 2 10 3 3247 3248 3276 3275
3363 3 2 10 3 3248 3249 3277 3276
3364 3 2 10 3 3249 3250 3278 3277
3365 3 2 10 3 3250 3251 3279 3278
3366 3 2 10 3 3251 3252 3280 3279
3367 3 2 10 3 3252 3253 3281 3280
3368 3 2 10 3 3253 3254 3282 3281
3369 3 2 10 3 3254 3255 3283 3282
3370 3 2 10 3 3255 3256 3284 3283
3371 3 2 10 3 3256 3257 3285 3284
3372 3 2 10 3 3257 3258 3286 3285
3373 3 2 10 3 3258 3259 3287 3286
3374 3 2 10 3 3259 3260 3288 3287
3375 3 2 10 3 3260 328 329 3288
3376 3 2 10 3 225 3261 3289 226
3377 3 2 10 3 3261 3262 3290 3289
3378 3 2 10 3 3262 3263 3291 3290
3379 3 2 10 3 3263 3264 3292 3291
3380 3 2 10 3 3264 3265 3293 3292
3381 3 2 10 3 3265 3266 3294 3293
3382 3 2 10 3 3266 3267 3295 3294
3383 3 2 10 3 3267 3268 3296 3295
3384 3 2 10 3 3268 3269 3297 3296
3385 3 2 10 3 3269 3270 3298 3297
3386 3 2 10 3 3270 3271 3299 3298
3387 3 2 10 3 3271 3272 3300 3299
3388 3 2 10 3 3272 3273 3301 3300
3389 3 2 10 3 3273 3274 3302 3301
3390 3 2 10 3 3274 3275 3303 3302
3391 3 2 10 3 3275 3276 3304 3303
3392 3 2 10 3 3276 3277 3305 3304
3393 3 2 10 3 3277 3278 3306 3305
3394 3 2 10 3 3278 3279 3307 3306
3395 3 2 10 3 3279 3280 3308 3307
3396 3 2 10 3 3280 3281 3309 3308
3397 3 2 10 3 3281 3282 3310 3309
3398 3 2 10 3 3282 3283 3311 3310
3399 3 2 10 3 3283 3284 3312 3311
3400 3 2 10 3 3284 3285 3313 3312
3401 3 2 10 3 3285 3286 3314 3313
3402 3 2 10 3 3286 3287 3315 3314
3403 3 2 10 3 3287 3288 3316 3315
3404 3 2 10 3 3288 329 330 3316
3405 3 2 10 3 226 3289 3317 227
3406 3 2 10 3 3289 3290 3318 3317
3407 3 2 10 3 3290 3291 3319 3318
3408 3 2 10 3 3291 3292 3320 3319
3409 3 2 10 3 3292 3293 3321 3320
3410 3 2 10 3 3293 3294 3322 3321
3411 3 2 10 3 3294 3295 3323 3322
3412 3 2 10 3 3295 3296 3324 3323
3413 3 2 10 3 3296 3297 3325 3324
3414 3 2 10 3 3297 3298 3326 3325
3415 3 2 10 3 3298 3299 3327 3326
3416 3 2 10 3 3299 3300 3328 3327
3417 3 2 10 3 3300 3301 3329 3328
3418 3 2 10 3 3301 3302 3330 3329
3419 3 2 10 3 3302 3303 3331 3330
3420 3 2 10 3 3303 3304 3332 3331
3421 3 2 10 3 3304 3305 3333 3332
3422 3 2 10 3 3305 3306 3334 3333
3423 3 2 10 3 3306 3307 3335 3334
3424 3 2 10 3 3307 3308 3336 3335
3425 3 2 10 3 3308 3309 3337 3336
3426 3 2 10 3 3309 3310 3338 3337
3427 3 2 10 3 3310 3311 3339 3338
3428 3 2 10 3 3311 3312 3340 3339
3429 3 2 10 3 3312 3313 3341 3340
3430 3 2 10 3 3313 3314 3342 3341
3431 3 2 10 3 3314 3315 3343 3342
3432 3 2 10 3 3315 3316 3344 3343
3433 3 2 10 3 3316 330 331 3344
3434 3 2 10 3 227 3317 3345 228
3435 3 2 10 3 3317 3318 3346 3345
3436 3 2 10 3 3318 3319 3347 3346
3437 3 2 10 3 3319 3320 3348 3347
3438 3 2 10 3 3320 3321 3349 3348
3439 3 2 10 3 3321 3322 3350 3349
3440 3 2 10 3 3322 3323 3351 3350
3441 3 2 10 3 3323 3324 3352 3351
3442 3 2 10 3 3324 3325 3353 3352
3443 3 2 10 3 3325 3326 3354 3353
3444 3 2 10 3 3326 3327 3355 3354
3445 3 2 10 3 3327 3328 3356 3355
3446 3 2 10 3 3328 3329 3357 3356
3447 3 2 10 3 3329 3330 3358 3357
3448 3 2 10 3 3330 3331 3359 3358
3449 3 2 10 3 3331 3332 3360 3359
3450 3 2 10 3 3332 3333 3361 3360
3451 3 2 10 3 3333 3334 3362 3361
3452 3 2 10 3 3334 3335 3363 3362
3453 3 2 10 3 3335 3336 3364 3363
3454 3 2 10 3 3336 3337 3365 3364
3455 3 2 10 3 3337 3338 3366 3365
3456 3 2 10 3 3338 3339 3367 3366
3457 3 2 10 3 3339 3340 3368 3367
3458 3 2 10 3 3340 3341 3369 3368
3459 3 2 10 3 3341 3342 3370 3369
3460 3 2 10 3 3342 3343 3371 3370
3461 3 2 10 3 3343 3344 3372 3371
3462 3 2 10 3 3344 331 332 3372
3463 3 2 10 3 228 3345 3373 229
3464 3 2 10 3 3345 3346 3374 3373
3465 3 2 10 3 3346 3347 3375 3374
3466 3 2 10 3 3347 3348 3376 3375
3467 3 2 10 3 3348 3349 3377 3376
3468 3 2 10 3 3349 3350 3378 3377
3469 3 2 10 3 3350 3351 3379 3378
3470 3 2 10 3 3351 3352 3380 3379
3471 3 2 10 3 3352 3353 3381 3380
3472 3 2 10 3 3353 3354 3382 3381
3473 3 2 10 3 3354 3355 3383 3382
3474 3 2 10 3 3355 3356 3384 3383
3475 3 2 10 3 3356 3357 3385 3384
3476 3 2 10 3 3357 3358 3386 3385
3477 3 2 10 3 3358 3359 3387 3386
3478 3 2 10 3 3359 3360 3388 3387
3479 3 2 10 3 3360 3361 3389 3388
3480 3 2 10 3 3361 3362 3390 3389
3481 3 2 10 3 3362 3363 3391 3390
3482 3 2 10 3 3363 3364 3392 3391
3483 3 2 10 3 3364 3365 3393 3392
3484 3 2 10 3 3365 3366 3394 3393
3485 3 2 10 3 3366 3367 3395 3394
3486 3 2 10 3 3367 3368 3396 3395
3487 3 2 10 3 3368 3369 3397 3396
3488 3 2 10 3 3369 3370 3398 3397
3489 3 2 10 3 3370 3371 3399 3398
3490 3 2 10 3 3371 3372 3400 3399
3491 3 2 10 3 3372 332 333 3400
3492 3 2 10 3 229 3373 3401 230
3493 3 2 10 3 3373 3374 3402 3401
3494 3 2 10 3 3374 3375 3403 3402
3495 3 2 10 3 3375 3376 3404 3403
3496 3 2 10 3 3376 3377 3405 3404
3497 3 2 10 3 3377 3378 3406 3405
3498 3 2 10 3 3378 3379 3407 3406
3499 3 2 10 3 3379 3380 3408 3407
3500 3 2 10 3 3380 3381 3409 3408
3501 3 2 10 3 3381 3382 3410 3409
3502 3 2 10 3 3382 3383 3411 3410
3503 3 2 10 3 3383 3384 3412 3411
3504 3 2 10 3 3384 3385 3413 3412
3505 3 2 10 3 3385 3386 3414 3413
3506 3 2 10 3 3386 3387 3415 3414
3507 3 2 10 3 3387 3388 3416 3415
3508 3 2 10 3 3388 3389 3417 3416
3509 3 2 10 3 3389 3390 3418 3417
3510 3 2 10 3 3390 3391 3419 3418
3511 3 2 10 3 3391 3392 3420 3419
3512 3 2 10 3 3392 3393 3421 3420
3513 3 2 10 3 3393 3394 3422 3421
3514 3 2 10 3 3394 3395 3423 3422
3515 3 2 10 3 3395 3396 3424 3423
3516 3 2 10 3 3396 3397 3425 3424
3517 3 2 10 3 3397 3398 3426 3425
3518 3 2 10 3 3398 3399 3427 3426
3519 3 2 10 3 3399 3400 3428 3427
3520 3 2 10 3 3400 333 334 3428
3521 3 2 10 3 230 3401 3429 231
3522 3 2 10 3 3401 3402 3430 3429
3523 3 2 10 3 3402 3403 3431 3430
3524 3 2 10 3 3403 3404 3432 3431
3525 3 2 10 3 3404 3405 3433 3432
3526 3 2 10 3 3405 3406 3434 3433
3527 3 2 10 3 3406 3407 3435 3434
3528 3 2 10 3 3407 3408 3436 3435
3529 3 2 10 3 3408 3409 3437 3436
3530 3 2 10 3 3409 3410 3438 3437
3531 3 2 10 3 3410 3411 3439 3438
3532 3 2 10 3 3411 3412 3440 3439
3533 3 2 10 3 3412 3413 3441 3440
3534 3 2 10 3 3413 3414 3442 3441
3535 3 2 10 3 3414 3415 3443 3442
3536 3 2 10 3 3415 3416 3444 3443
3537 3 2 10 3 3416 3417 3445 3444
3538 3 2 10 3 3417 3418 3446 3445
3539 3 2 10 3 3418 3419 3447 3446
3540 3 2 10 3 3419 3420 3448 3447
3541 3 2 10 3 3420 3421 3449 3448
3542 3 2 10 3 3421 3422 3450 3449
3543 3 2 10 3 3422 3423 3451 3450
3544 3 2 10 3 3423 3424 3452 3451
3545 3 2 10 3 3424 3425 3453 3452
3546 3 2 10 3 3425 3426 3454 3453
3547 3 2 10 3 3426 3427 3455 3454
3548 3 2 10 3 3427 3428 3456 3455
3549 3 2 10 3 3428 334 335 3456
3550 3 2 10 3 231 3429 3457 232
3551 3 2 10 3 3429 3430 3458 3457
3552 3 2 10 3 3430 3431 3459 3458
3553 3 2 10 3 3431 3432 3460 3459
3554 3 2 10 3 3432 3433 3461 3460
3555 3 2 10 3 3433 3434 3462 3461
3556 3 2 10 3 3434 3435 3463 3462
3557 3 2 10 3 3435 3436 3464 3463
3558 3 2 10 3 3436 3437 3465 3464
3559 3 2 10 3 3437 3438 3466 3465
3560 3 2 10 3 3438 3439 3467 3466
3561 3 2 10 3 3439 3440 3468 3467
3562 3 2 10 3 3440 3441 3469 3468
3563 3 2 10 3 3441 3442 3470 3469
3564 3 2 10 3 3442 3443 3471 3470
3565 3 2 10 3 3443 3444 3472 3471
3566 3 2 10 3 3444 3445 3473 3472
3567 3 2 10 3 3445 3446 3474 3473
3568 3 2 10 3 3446 3447 3475 3474
3569 3 2 10 3 3447 3448 3476 3475
3570 3 2 10 3 3448 3449 3477 3476
3571 3 2 10 3 3449 3450 3478 3477
3572 3 2 10 3 3450 3451 3479 3478
3573 3 2 10 3 3451 3452 3480 3479
3574 3 2 10 3 3452 3453 3481 3480
3575 3 2 10 3 3453 3454 3482 3481
3576 3 2 10 3 3454 3455 3483 3482
3577 3 2 10 3 3455 3456 3484 3483
3578 3 2 10 3 3456 335 336 3484
3579 3 2 10 3 232 3457 3485 233
3580 3 2 10 3 3457 3458 3486 3485
3581 3 2 10 3 3458 3459 3487 3486
3582 3 2 10 3 3459 3460 3488 3487
3583 3 2 10 3 3460 3461 3489 3488
3584 3 2 10 3 3461 3462 3490 3489
3585 3 2 10 3 3462 3463 3491 3490
3586 3 2 10 3 3463 3464 3492 3491
3587 3 2 10 3 3464 3465 3493 3492
3588 3 2 10 3 3465 3466 3494 3493
3589 3 2 10 3 3466 3467 3495 3494
3590 3 2 10 3 3467 3468 3496 3495
3591 3 2 10 3 3468 3469 3497 3496
3592 3 2 10 3 3469 3470 3498 3497
3593 3 2 10 3 3470 3471 3499 3498
3594 3 2 10 3 3471 3472 3500 3499
3595 3 2 10 3 3472 3473 3501 3500
3596 3 2 10 3 3473 3474 3502 3501
3597 3 2 10 3 3474 3475 3503 3502
3598 3 2 10 3 3475 3476 3504 3503
3599 3 2 10 3 3476 3477 3505 3504
3600 3 2 10 3 3477 3478 3506 3505
3601 3 2 10 3 3478 3479 3507 3506
3602 3 2 10 3 3479 3480 3508 3507
3603 3 2 10 3 3480 3481 3509 3508
3604 3 2 10 3 3481 3482 3510 3509
3605 3 2 10 3 3482 3483 3511 3510
3606 3 2 10 3 3483 3484 3512 3511
3607 3 2 10 3 3484 336 337 3512
3608 3 2 10 3 233 3485 3513 234
3609 3 2 10 3 3485 3486 3514 3513
3610 3 2 10 3 3486 3487 3515 3514
3611 3 2 10 3 3487 3488 3516 3515
3612 3 2 10 3 3488 3489 3517 3516
3613 3 2 10 3 3489 3490 3518 3517
3614 3 2 10 3 3490 3491 3519 3518
3615 3 2 10 3 3491 3492 3520 3519
3616 3 2 10 3 3492 3493 3521 3520
3617 3 2 10 3 3493 3494 3522 3521
3618 3 2 10 3 3494 3495 3523 3522
3619 3 2 10 3 3495 3496 3524 3523
3620 3 2 10 3 3496 3497 3525 3524
3621 3 2 10 3 3497 3498 3526 3525
3622 3 2 10 3 3498 3499 3527 3526
3623 3 2 10 3 3499 3500 3528 3527
3624 3 2 10 3 3500 3501 3529 3528
3625 3 2 10 3 3501 3502 3530 3529
3626 3 2 10 3 3502 3503 3531 3530
3627 3 2 10 3 3503 3504 3532 3531
3628 3 2 10 3 3504 3505 3533 3532
3629 3 2 10 3 3505 3506 3534 3533
3630 3 2 10 3 3506 3507 3535 3534
3631 3 2 10 3 3507 3508 3536 3535
3632 3 2 10 3 3508 3509 3537 3536
3633 3 2 10 3 3509 3510 3538 3537
3634 3 2 10 3 3510 3511 3539 3538
3635 3 2 10 3 3511 3512 3540 3539
3636 3 2 10 3 3512 337 338 3540
3637 3 2 10 3 234 3513 3541 235
3638 3 2 10 3 3513 3514 3542 3541
3639 3 2 10 3 3514 3515 3543 3542
3640 3 2 10 3 3515 3516 3544 3543
3641 3 2 10 3 3516 3517 3545 3544
3642 3 2 10 3 3517 3518 3546 3545
3643 3 2 10 3 3518 3519 3547 3546
3644 3 2 10 3 3519 3520 3548 3547
3645 3 2 10 3 3520 3521 3549 3548
3646 3 2 10 3 3521 3522 3550 3549
3647 3 2 10 3 3522 3523 3551 3550
3648 3 2 10 3 3523 3524 3552 3551
3649 3 2 10 3 3524 3525 3553 3552
3650 3 2 10 3 3525 3526 3554 3553
3651 3 2 10 3 3526 3527 3555 3554
3652 3 2 10 3 3527 3528 3556 3555
3653 3 2 10 3 3528 3529 3557 3556
3654 3 2 10 3 3529 3530 3558 3557
3655 3 2 10 3 3530 3531 3559 3558
3656 3 2 10 3 3531 3532 3560 3559
3657 3 2 10 3 3532 3533 3561 3560
3658 3 2 10 3 3533 3534 3562 3561
3659 3 2 10 3 3534 3535 3563 3562
3660 3 2 10 3 3535 3536 3564 3563
3661 3 2 10 3 3536 3537 3565 3564
3662 3 2 10 3 3537 3538 3566 3565
3663 3 2 10 3 3538 3539 3567 3566
3664 3 2 10 3 3539 3540 3568 3567
3665 3 2 10 3 3540 338 339 3568
3666 3 2 10 3 235 3541 3569 236
3667 3 2 10 3 3541 3542 3570 3569
3668 3 2 10 3 3542 3543 3571 3570
3669 3 2 10 3 3543 3544 3572 3571
3670 3 2 10 3 3544 3545 3573 3572
3671 3 2 10 3 3545 3546 3574 3573
3672 3 2 10 3 3546 3547 3575 3574
3673 3 2 10 3 3547 3548 3576 3575
3674 3 2 10 3 3548 3549 3577 3576
3675 3 2 10 3 3549 3550 3578 3577
3676 3 2 10 3 3550 3551 3579 3578
3677 3 2 10 3 3551 3552 3580 3579
3678 3 2 10 3 3552 3553 3581 3580
3679 3 2 10 3 3553 3554 3582 3581
3680 3 2 10 3 3554 3555 3583 3582
3681 3 2 10 3 3555 3556 3584 3583
3682 3 2 10 3 3556 3557 3585 3584
3683 3 2 10 3 3557 3558 3586 3585
3684 3 2 10 3 3558 3559 3587 3586
3685 3 2 10 3 3559 3560 3588 3587
3686 3 2 10 3 3560 3561 3589 3588
3687 3 2 10 3 3561 3562 3590 3589
3688 3 2 10 3 3562 3563 3591 3590
3689 3 2 10 3 3563 3564 3592 3591
3690 3 2 10 3 3564 3565 3593 3592
3691 3 2 10 3 3565 3566 3594 3593
3692 3 2 10 3 3566 3567 3595 3594
3693 3 2 10 3 3567 3568 3596 3595
3694 3 2 10 3 3568 339 340 3596
3695 3 2 10 3 236 3569 3597 237
3696 3 2 10 3 3569 3570 3598 3597
3697 3 2 10 3 3570 3571 3599 3598
3698 3 2 10 3 3571 3572 3600 3599
3699 3 2 10 3 3572 3573 3601 3600
3700 3 2 10 3 3573 3574 3602 3601
3701 3 2 10 3 3574 3575 3603 3602
3702 3 2 10 3 3575 3576 3604 3603
3703 3 2 10 3 3576 3577 3605 3604
3704 3 2 10 3 3577 3578 3606 3605
3705 3 2 10 3 3578 3579 3607 3606
3706 3 2 10 3 3579 3580 3608 3607
3707 3 2 10 3 3580 3581 3609 3608
3708 3 2 10 3 3581 3582 3610 3609
3709 3 2 10 3 3582 3583 3611 3610
3710 3 2 10 3 3583 3584 3612 3611
3711 3 2 10 3 3584 3585 3613 3612
3712 3 2 10 3 3585 3586 3614 3613
3713 3 2 10 3 3586 3587 3615 3614
3714 3 2 10 3 3587 3588 3616 3615
3715 3 2 10 3 3588 3589 3617 3616
3716 3 2 10 3 3589 3590 3618 3617
3717 3 2 10 3 3590 3591 3619 3618
3718 3 2 10 3 3591 3592 3620 3619
3719 3 2 10 3 3592 3593 3621 3620
3720 3 2 10 3 3593 3594 3622 3621
3721 3 2 10 3 3594 3595 3623 3622
3722 3 2 10 3 3595 3596 3624 3623
3723 3 2 10 3 3596 340 341 3624
3724 3 2 10 3 237 3597 3625 238
3725 3 2 10 3 3597 3598 3626 3625
3726 3 2 10 3 3598 3599 3627 3626
3727 3 2 10 3 3599 3600 3628 3627
3728 3 2 10 3 3600 3601 3629 3628
3729 3 2 10 3 3601 3602 3630 3629
3730 3 2 10 3 3602 3603 3631 3630
3731 3 2 10 3 3603 3604 3632 3631
3732 3 2 10 3 3604 3605 3633 3632
3733 3 2 10 3 3605 3606 3634 3633
3734 3 2 10 3 3606 3607 3635 3634
3735 3 2 10 3 3607 3608 3636 3635
3736 3 2 10 3 3608 3609 3637 3636
3737 3 2 10 3 3609 3610 3638 3637
3738 3 2 10 3 3610 3611 3639 3638
3739 3 2 10 3 3611 3612 3640 3639
3740 3 2 10 3 3612 3613 3641 3640
3741 3 2 10 3 3613 3614 3642 3641
3742 3 2 10 3 3614 3615 3643 3642
3743 3 2 10 3 3615 3616 3644 3643
3744 3 2 10 3 3616 3617 3645 3644
3745 3 2 10 3 3617 3618 3646 3645
3746 3 2 10 3 3618 3619 3647 3646
3747 3 2 10 3 3619 3620 3648 3647
3748 3 2 10 3 3620 3621 3649 3648
3749 3 2 10 3 3621 3622 3650 3649
3750 3 2 10 3 3622 3623 3651 3650
3751 3 2 10 3 3623 3624 3652 3651
3752 3 2 10 3 3624 341 342 3652
3753 3 2 10 3 238 3625 3653 239
3754 3 2 10 3 3625 3626 3654 3653
3755 3 2 10 3 3626 3627 3655 3654
3756 3 2 10 3 3627 3628 3656 3655
3757 3 2 10 3 3628 3629 3657 3656
3758 3 2 10 3 3629 3630 3658 3657
3759 3 2 10 3 3630 3631 3659 3658
3760 3 2 10 3 3631 3632 3660 3659
3761 3 2 10 3 3632 3633 3661 3660
3762 3 2 10 3 3633 3634 3662 3661
3763 3 2 10 3 3634 3635 3663 3662
3764 3 2 10 3 3635 3636 3664 3663
3765 3 2 10 3 3636 3637 3665 3664
3766 3 2 10 3 3637 3638 3666 3665
3767 3 2 10 3 3638 3639 3667 3666
3768 3 2 10 3 3639 3640 3668 3667
3769 3 2 10 3 3640 3641 3669 3668
3770 3 2 10 3 3641 3642 3670 3669
3771 3 2 10 3 3642 3643 3671 3670
3772 3 2 10 3 3643 3644 3672 3671
3773 3 2 10 3 3644 3645 3673 3672
3774 3 2 10 3 3645 3646 3674 3673
3775 3 2 10 3 3646 3647 3675 3674
3776 3 2 10 3 3647 3648 3676 3675
3777 3 2 10 3 3648 3649 3677 3676
3778 3 2 10 3 3649 3650 3678 3677
3779 3 2 10 3 3650 3651 3679 3678
3780 3 2 10 3 3651 3652 3680 3679
3781 3 2 10 3 3652 342 343 3680
3782 3 2 10 3 239 3653 3681 240
3783 3 2 10 3 3653 3654 3682 3681
3784 3 2 10 3 3654 3655 3683 3682
3785 3 2 10 3 3655 3656 3684 3683
3786 3 2 10 3 3656 3657 3685 3684
3787 3 2 10 3 3657 3658 3686 3685
3788 3 2 10 3 3658 3659 3687 3686
3789 3 2 10 3 3659 3660 3688 3687
3790 3 2 10 3 3660 3661 3689 3688
3791 3 2 10 3 3661 3662 3690 3689
3792 3 2 10 3 3662 3663 3691 3690
3793 3 2 10 3 3663 3664 3692 3691
3794 3 2 10 3 3664 3665 3693 3692
3795 3 2 10 3 3665 3666 3694 3693
3796 3 2 10 3 3666 3667 3695 3694
3797 3 2 10 3 3667 3668 3696 3695
3798 3 2 10 3 3668 3669 3697 3696
3799 3 2 10 3 3669 3670 3698 3697
3800 3 2 10 3 3670 3671 3699 3698
3801 3 2 10 3 3671 3672 3700 3699
3802 3 2 10 3 3672 3673 3701 3700
3803 3 2 10 3 3673 3674 3702 3701
3804 3 2 10 3 3674 3675 3703 3702
3805 3 2 10 3 3675 3676 3704 3703
3806 3 2 10 3 3676 3677 3705 3704
3807 3 2 10 3 3677 3678 3706 3705
3808 3 2 10 3 3678 3679 3707 3706
3809 3 2 10 3 3679 3680 3708 3707
3810 3 2 10 3 3680 343 344 3708
3811 3 2 10 3 240 3681 3709 241
3812 3 2 10 3 3681 3682 3710 3709
3813 3 2 10 3 3682 3683 3711 3710
3814 3 2 10 3 3683 3684 3712 3711
3815 3 2 10 3 3684 3685 3713 3712
3816 3 2 10 3 3685 3686 3714 3713
3817 3 2 10 3 3686 3687 3715 3714
3818 3 2 10 3 3687 3688 3716 3715
3819 3 2 10 3 3688 3689 3717 3716
3820 3 2 10 3 3689 3690 3718 3717
3821 3 2 10 3 3690 3691 3719 3718
3822 3 2 10 3 3691 3692 3720 3719
3823 3 2 10 3 3692 3693 3721 3720
3824 3 2 10 3 3693 3694 3722 3721
3825 3 2 10 3 3694 3695 3723 3722
3826 3 2 10 3 3695 3696 3724 3723
3827 3 2 10 3 3696 3697 3725 3724
3828 3 2 10 3 3697 3698 3726 3725
3829 3 2 10 3 3698 3699 3727 3726
3830 3 2 10 3 3699 3700 3728 3727
3831 3 2 10 3 3700 3701 3729 3728
3832 3 2 10 3 3701 3702 3730 3729
3833 3 2 10 3 3702 3703 3731 3730
3834 3 2 10 3 3703 3704 3732 3731
3835 3 2 10 3 3704 3705 3733 3732
3836 3 2 10 3 3705 3706 3734 3733
3837 3 2 10 3 3706 3707 3735 3734
3838 3 2 10 3 3707 3708 3736 3735
3839 3 2 10 3 3708 344 345 3736
3840 3 2 10 3 241 3709 3737 242
3841 3 2 10 3 3709 3710 3738 3737
3842 3 2 10 3 3710 3711 3739 3738
3843 3 2 10 3 3711 3712 3740 3739
3844 3 2 10 3 3712 3713 3741 3740
3845 3 2 10 3 3713 3714 3742 3741
3846 3 2 10 3 3714 3715 3743 3742
3847 3 2 10 3 3715 3716 3744 3743
3848 3 2 10 3 3716 3717 3745 3744
3849 3 2 10 3 3717 3718 3746 3745
3850 3 2 10 3 3718 3719 3747 3746
3851 3 2 10 3 3719 3720 3748 3747
3852 3 2 10 3 3720 3721 3749 3748
3853 3 2 10 3 3721 3722 3750 3749
3854 3 2 10 3 3722 3723 3751 3750
3855 3 2 10 3 3723 3724 3752 3751
3856 3 2 10 3 3724 3725 3753 3752
3857 3 2 10 3 3725 3726 3754 3753
3858 3 2 10 3 3726 3727 3755 3754
3859 3 2 10 3 3727 3728 3756 3755
3860 3 2 10 3 3728 3729 3757 3756
3861 3 2 10 3 3729 3730 3758 3757
3862 3 2 10 3 3730 3731 3759 3758
3863 3 2 10 3 3731 3732 3760 3759
3864 3 2 10 3 3732 3733 3761 3760
3865 3 2 10 3 3733 3734 3762 3761
3866 3 2 10 3 3734 3735 3763 3762
3867 3 2 10 3 3735 3736 3764 3763
3868 3 2 10 3 3736 345 346 3764
3869 3 2 10 3 242 3737 3765 243
3870 3 2 10 3 3737 3738 3766 3765
3871 3 2 10 3 3738 3739 3767 3766
3872 3 2 10 3 3739 3740 3768 3767
3873 3 2 10 3 3740 3741 3769 3768
3874 3 2 10 3 3741 3742 3770 3769
3875 3 2 10 3 3742 3743 3771 3770
3876 3 2 10 3 3743 3744 3772 3771
3877 3 2 10 3 3744 3745 3773 3772
3878 3 2 10 3 3745 3746 3774 3773
3879 3 2 10 3 3746 3747 3775 3774
3880 3 2 10 3 3747 3748 3776 3775
3881 3 2 10 3 3748 3749 3777 3776
3882 3 2 10 3 3749 3750 3778 3777
3883 3 2 10 3 3750 3751 3779 3778
3884 3 2 10 3 3751 3752 3780 3779
3885 3 2 10 3 3752 3753 3781 3780
3886 3 2 10 3 3753 3754 3782 3781
3887 3 2 10 3 3754 3755 3783 3782
3888 3 2 10 3 3755 3756 3784 3783
3889 3 2 10 3 3756 3757 3785 3784
3890 3 2 10 3 3757 3758 3786 3785
3891 3 2 10 3 3758 3759 3787 3786
3892 3 2 10 3 3759 3760 3788 3787
3893 3 2 10 3 3760 3761 3789 3788
3894 3 2 10 3 3761 3762 3790 3789
3895 3 2 10 3 3762 3763 3791 3790
3896 3 2 10 3 3763 3764 3792 3791
3897 3 2 10 3 3764 346 347 3792
3898 3 2 10 3 243 3765 3793 244
3899 3 2 10 3 3765 3766 3794 3793
3900 3 2 10 3 3766 3767 3795 3794
3901 3 2 10 3 3767 3768 3796 3795
3902 3 2 10 3 3768 3769 3797 3796
3903 3 2 10 3 3769 3770 3798 3797
3904 3 2 10 3 3770 3771 3799 3798
3905 3 2 10 3 3771 3772 3800 3799
3906 3 2 10 3 3772 3773 3801 3800
3907 3 2 10 3 3773 3774 3802 3801
3908 3 2 10 3 3774 3775 3803 3802
3909 3 2 10 3 3775 3776 3804 3803
3910 3 2 10 3 3776 3777 3805 3804
3911 3 2 10 3 3777 3778 3806 3805
3912 3 2 10 3 3778 3779 3807 3806
3913 3 2 10 3 3779 3780 3808 3807
3914 3 2 10 3 3780 3781 3809 3808
3915 3 2 10 3 3781 3782 3810 3809
3916 3 2 10 3 3782 3783 3811 3810
3917 3 2 10 3 3783 3784 3812 3811
3918 3 2 10 3 3784 3785 3813 3812
3919 3 2 10 3 3785 3786 3814 3813
3920 3 2 10 3 3786 3787 3815 3814
3921 3 2 10 3 3787 3788 3816 3815
3922 3 2 10 3 3788 3789 3817 3816
3923 3 2 10 3 3789 3790 3818 3817
3924 3 2 10 3 3790 3791 3819 3818
3925 3 2 10 3 3791 3792 3820 3819
3926 3 2 10 3 3792 347 348 3820
3927 3 2 10 3 244 3793 37 2
3928 3 2 10 3 3793 3794 38 37
3929 3 2 10 3 3794 3795 39 38
3930 3 2 10 3 3795 3796 40 39
3931 3 2 10 3 3796 3797 41 40
3932 3 2 10 3 3797 3798 42 41
3933 3 2 10 3 3798 3799 43 42
3934 3 2 10 3 3799 3800 44 43
3935 3 2 10 3 3800 3801 45 44
3936 3 2 10 3 3801 3802 46 45
3937 3 2 10 3 3802 3803 47 46
3938 3 2 10 3 3803 3804 48 47
3939 3 2 10 3 3804 3805 49 48
3940 3 2 10 3 3805 3806 50 49
3941 3 2 10 3 3806 3807 51 50
3942 3 2 10 3 3807 3808 52 51
3943 3 2 10 3 3808 3809 53 52
3944 3 2 10 3 3809 3810 54 53
3945 3 2 10 3 3810 3811 55 54
3946 3 2 10 3 3811 3812 56 55
3947 3 2 10 3 3812 3813 57 56
3948 3 2 10 3 3813 3814 58 57
3949 3 2 10 3 3814 3815 59 58
3950 3 2 10 3 3815 3816 60 59
3951 3 2 10 3 3816 3817 61 60
3952 3 2 10 3 3817 3818 62 61
3953 3 2 10 3 3818 3819 63 62
3954 3 2 10 3 3819 3820 64 63
3955 3 2 10 3 3820 348 3 64
$EndElements
